TRX_ID,MEMBER_NO,TRANSACTION_DATE,AUTHORIZATION_DATE,MERCHANT_NO,MERCHANT_NAME,CITY_NAME,NATIONAL_CODE,MCC,POS_MODE,PRODUCT_NAME,SETTLEMENT_AMOUNT,SALES_AMOUNT,TRX_TYPE,IS_FRAUD
T00000003,C000038,2023-01-01 01:59:41,2023-01-01 02:00:19,M17342,Cafe and restaraunts 770,WARSAW,PL,5812,ECOMMERCE,1308212001: Refund Transaction(Domestic),2616.92,2549.4,PURCHASE,1
T00000021,C000314,2023-01-01 06:27:07,2023-01-01 06:27:52,M66895,Transport 370,AKTAU,KZ,4816,0110 - Swipe,1308262001: Bill Payment Transaction(International),11.25,11.25,REFUND,1
T00000031,C000070,2023-01-01 09:28:12,2023-01-01 09:28:52,M69318,Digital Service 135,AKTAU,KZ,4816,0004 - Installment,1308132001: Credit Purchase Transaction(Domestic),86359.17,86359.17,REFUND,1
T00000248,C000028,2023-01-04 13:27:23,2023-01-04 13:28:12,M66051,Cafe and restaraunts 490,ROTTERDAM,NL,5812,ECOMMERCE,1308282001: Other Transaction(International),2085.58,2081.41,PURCHASE,1
T00000270,C000219,2023-01-04 19:01:32,2023-01-04 19:02:46,M78197,Hotel 737,MANCHESTER,GB,4816,0510 - Contactless - Magstripe,1308172001: Cash Withdrawal Transaction(Domestic),50.7,50.7,PURCHASE,1
T00000272,C000331,2023-01-04 19:25:55,2023-01-04 19:27:25,M98119,Online store 895,SINGAPORE,SGP,5999,ECOMMERCE,1308212001: Refund Transaction(Domestic),12648.53,12495.1,PURCHASE,1
T00000290,C000002,2023-01-05 01:10:05,2023-01-05 01:10:27,M70420,Digital Service 256,ATYRAU,KZ,4816,0720 - Contactless - VSDC magstripe,1308212001: Refund Transaction(Domestic),85.9,85.9,PURCHASE,1
T00000300,C000026,2023-01-05 04:28:38,2023-01-05 04:28:43,M76966,Supermarket 685,ROTTERDAM,NL,5411,0004 - Installment,1308212001: Refund Transaction(Domestic),54424.37,10758.59,PURCHASE,1
T00000303,C000287,2023-01-05 05:33:30,2023-01-05 05:34:09,M17274,Unknown Merchant,BUSAN,KR,5065,MAGNETIC,1308222001: Refund Transaction(International),98293.71,8476.26,PURCHASE,1
T00000366,C000315,2023-01-06 00:38:44,2023-01-06 00:39:11,M77292,Elecrtronics 886,CHICAGO,US,4816,0710 - Contactless - VSDC chip,1308172001: Cash Withdrawal Transaction(Domestic),37.65,37.65,WITHDRAWAL,1
T00000442,C000365,2023-01-07 04:41:19,2023-01-07 04:41:24,M46763,Transport 610,KARAGANDA,KZ,4111,0001 - E-commerce,1308162001: Prepaid Purchase Transaction(International),28658.59,1440.48,PURCHASE,1
T00000459,C000493,2023-01-07 08:43:20,2023-01-07 08:44:33,M86150,Pharmacy 96,KARAGANDA,KZ,4816,0006 - Cash,1308282001: Other Transaction(International),60.7,60.7,PURCHASE,1
T00000510,C000377,2023-01-08 05:39:12,2023-01-08 05:39:33,M30437,Unknown Merchant,TARAZ,KZ,5065,MAGNETIC,1308192001: Balance Inquiry Transaction(Domestic),290553.78,6507.86,PURCHASE,1
T00000530,C000013,2023-01-08 15:22:53,2023-01-08 15:23:46,M24866,Jewelry 275,ALMATY,KZ,4816,0000 - Unknown,1308192001: Balance Inquiry Transaction(Domestic),25.79,25.79,PURCHASE,1
T00000573,C000479,2023-01-09 08:25:10,2023-01-09 08:26:47,M52612,Cafe and restaraunts 200,LYON,FR,5812,ECOMMERCE,1308162001: Prepaid Purchase Transaction(International),7428.11,7300.71,PURCHASE,1
T00000574,C000027,2023-01-09 08:33:19,2023-01-09 08:35:02,M86660,Digital Service 684,SAO PAULO,BR,4816,0800 - Contactless - Magstripe,1308272001: Other Transaction(Domestic),53.18,53.18,REFUND,1
T00000626,C000441,2023-01-10 03:46:32,2023-01-10 03:46:37,M26654,Pharmacy 934,ASTANA,KZ,5912,0002 - Mail/Phone order,1308112001: Debit Purchase Transaction(Domestic),62108.04,3114.1,REFUND,1
T00000654,C000460,2023-01-10 12:08:41,2023-01-10 12:10:06,M44583,Hotel 299,SHYMKENT,KZ,7011,0120 - Keyin,1308122001: Debit Purchase Transaction(International),157413.71,157413.71,PURCHASE,1
T00000669,C000124,2023-01-10 18:37:29,2023-01-10 18:38:02,M46378,Unknown Merchant,SHYMKENT,KZ,5944,MAGNETIC,1308182001: Cash Withdrawal Transaction(International),254653.81,3844.96,PURCHASE,1
T00000673,C000327,2023-01-10 20:11:46,2023-01-10 20:13:18,M62666,Cafe and restaraunts 879,SHYMKENT,KZ,5812,0710 - Contactless - VSDC chip,1308112001: Debit Purchase Transaction(Domestic),33338.61,33338.61,PURCHASE,1
T00000679,C000319,2023-01-10 22:04:21,2023-01-10 22:05:33,M80211,ATM Withdrawal,TALDYKORGAN,KZ,4816,0008 - Not used,1308242001: Transfer Transaction(International),85.98,85.98,PURCHASE,1
T00000810,C000458,2023-01-12 19:08:16,2023-01-12 19:08:52,M63012,Unknown Merchant,SHYMKENT,KZ,5065,MAGNETIC,1308162001: Prepaid Purchase Transaction(International),168941.73,11163.69,PURCHASE,1
T00000834,C000271,2023-01-13 06:12:17,2023-01-13 06:14:01,M89920,Jewelry 266,GOTHENBURG,SE,5944,0730 - Contactless - VSDC chip,1308232001: Transfer Transaction(Domestic),109467.68,109467.68,PURCHASE,1
T00000848,C000302,2023-01-13 12:36:56,2023-01-13 12:37:34,M68985,Elecrtronics 482,TORONTO,CA,5065,ECOMMERCE,1308262001: Bill Payment Transaction(International),10453.14,10207.64,WITHDRAWAL,1
T00000957,C000397,2023-01-15 03:04:27,2023-01-15 03:04:43,M73998,Pharmacy 125,ALMATY,KZ,4816,0110 - Swipe,1308282001: Other Transaction(International),34.69,34.69,PURCHASE,1
T00000965,C000336,2023-01-15 05:13:02,2023-01-15 05:14:25,M83912,Hotel 254,LONDON,GB,4816,0000 - Unknown,1308272001: Other Transaction(Domestic),9.28,9.28,TRANSFER,1
T00000996,C000017,2023-01-15 17:56:28,2023-01-15 17:56:43,M11357,Digital Service 754,ASTANA,KZ,4816,0006 - Cash,1308282001: Other Transaction(International),135345.7,135345.7,PURCHASE,1
T00001090,C000286,2023-01-16 23:01:37,2023-01-16 23:03:01,M88306,Cafe and restaraunts 219,ROTTERDAM,NL,5812,ECOMMERCE,1308282001: Other Transaction(International),3513.28,3475.67,PURCHASE,1
T00001111,C000417,2023-01-17 05:28:30,2023-01-17 05:29:13,M46226,Transport 72,SEMEY,KZ,4816,0120 - Keyin,1308222001: Refund Transaction(International),29.9,29.9,PURCHASE,1
T00001188,C000443,2023-01-18 04:24:43,2023-01-18 04:24:48,M52952,Pharmacy 25,LYON,FR,5912,0110 - Swipe,1308222001: Refund Transaction(International),83382.63,965.99,PURCHASE,1
T00001230,C000199,2023-01-18 20:56:59,2023-01-18 20:58:36,M34681,Unknown Merchant,TARAZ,KZ,5065,MAGNETIC,1308182001: Cash Withdrawal Transaction(International),88175.35,2178.31,PURCHASE,1
T00001232,C000246,2023-01-18 21:16:15,2023-01-18 21:17:51,M67137,Unknown Merchant,ALMATY,KZ,5944,MAGNETIC,1308122001: Debit Purchase Transaction(International),163708.44,1180.4,WITHDRAWAL,1
T00001330,C000311,2023-01-20 03:11:46,2023-01-20 03:12:52,M78777,Cafe and restaraunts 967,SINGAPORE,SGP,5812,ECOMMERCE,1308192001: Balance Inquiry Transaction(Domestic),857.6,837.43,WITHDRAWAL,1
T00001356,C000274,2023-01-20 16:46:40,2023-01-20 16:48:07,M44308,Unknown Merchant,ATYRAU,KZ,5065,MAGNETIC,1308122001: Debit Purchase Transaction(International),103785.0,58880.34,PURCHASE,1
T00001361,C000435,2023-01-20 19:30:17,2023-01-20 19:31:06,M57214,Digital Service 655,SEMEY,KZ,4816,0710 - Contactless - VSDC chip,1308272001: Other Transaction(Domestic),10.59,10.59,PURCHASE,1
T00001384,C000350,2023-01-21 05:26:18,2023-01-21 05:27:42,M79178,Hotel 477,KOSTANAY,KZ,4816,0008 - Not used,1308152001: Prepaid Purchase Transaction(Domestic),40.27,40.27,PURCHASE,1
T00001485,C000370,2023-01-22 21:25:21,2023-01-22 21:26:49,M29681,Elecrtronics 108,TALDYKORGAN,KZ,4816,1000 - Credential on file,1308262001: Bill Payment Transaction(International),35.73,35.73,REFUND,1
T00001491,C000019,2023-01-23 00:11:12,2023-01-23 00:11:17,M62227,Hotel 77,SAINT PETERSBURG,RU,7011,0710 - Contactless - VSDC chip,1308162001: Prepaid Purchase Transaction(International),125772.88,49665.74,PURCHASE,1
T00001648,C000390,2023-01-25 06:44:01,2023-01-25 06:44:49,M55939,Hotel 576,SHYMKENT,KZ,7011,0003 - Recurring,1308192001: Balance Inquiry Transaction(Domestic),50608.19,50608.19,PURCHASE,1
T00001665,C000305,2023-01-25 14:02:13,2023-01-25 14:04:03,M92001,Digital Service 661,SAMARKAND,UZ,4816,0006 - Cash,1308182001: Cash Withdrawal Transaction(International),69285.78,69285.78,PURCHASE,1
T00001730,C000099,2023-01-26 09:01:16,2023-01-26 09:02:08,M31373,Hotel 694,ROME,IT,7011,ECOMMERCE,1308232001: Transfer Transaction(Domestic),70484.15,70059.32,PURCHASE,1
T00001770,C000425,2023-01-27 01:41:36,2023-01-27 01:43:29,M86255,ATM Withdrawal,ATYRAU,KZ,6011,0720 - Contactless - VSDC magstripe,1308172001: Cash Withdrawal Transaction(Domestic),43055.28,43055.28,PURCHASE,1
T00001777,C000079,2023-01-27 04:16:04,2023-01-27 04:16:09,M50667,Hotel 390,TARAZ,KZ,7011,0002 - Mail/Phone order,1308152001: Prepaid Purchase Transaction(Domestic),134217.71,97.34,PURCHASE,1
T00001847,C000331,2023-01-28 03:40:20,2023-01-28 03:40:25,M16332,Digital Service 548,SHYMKENT,KZ,4816,0001 - E-commerce,1308212001: Refund Transaction(Domestic),188880.85,2567.33,PURCHASE,1
T00001872,C000259,2023-01-28 12:55:19,2023-01-28 12:56:10,M14815,Pharmacy 34,ALMATY,KZ,4816,0004 - Installment,1308122001: Debit Purchase Transaction(International),4.09,4.09,PURCHASE,1
T00001917,C000356,2023-01-29 08:27:44,2023-01-29 08:28:56,M18833,ATM Withdrawal,MARSEILLE,FR,6011,ECOMMERCE,1308262001: Bill Payment Transaction(International),44433.11,44299.12,REFUND,1
T00001930,C000193,2023-01-29 12:44:20,2023-01-29 12:45:08,M62309,Hotel 202,ROTTERDAM,NL,4816,0510 - Contactless - Magstripe,1308262001: Bill Payment Transaction(International),92.17,92.17,PURCHASE,1
T00001965,C000299,2023-01-30 00:57:08,2023-01-30 00:58:46,M69691,Cafe and restaraunts 485,ALMATY,KZ,5812,0110 - Swipe,1308182001: Cash Withdrawal Transaction(International),59661.98,59661.98,PURCHASE,1
T00001997,C000485,2023-01-30 14:15:58,2023-01-30 14:17:56,M55022,Digital Service 795,MONTREAL,CA,4816,0730 - Contactless - VSDC chip,1308222001: Refund Transaction(International),81240.06,81240.06,PURCHASE,1
T00002021,C000156,2023-01-30 19:37:14,2023-01-30 19:37:43,M48909,Unknown Merchant,ANKARA,TR,5944,MAGNETIC,1308132001: Credit Purchase Transaction(Domestic),102677.52,4269.8,PURCHASE,1
T00002129,C000264,2023-02-01 05:23:36,2023-02-01 05:24:36,M98112,Elecrtronics 256,ASTANA,KZ,4816,0710 - Contactless - VSDC chip,1308112001: Debit Purchase Transaction(Domestic),20.34,20.34,PURCHASE,1
T00002167,C000136,2023-02-01 16:13:08,2023-02-01 16:15:04,M90513,Cafe and restaraunts 236,BANGALORE,IN,4816,0008 - Not used,1308182001: Cash Withdrawal Transaction(International),59.08,59.08,PURCHASE,1
T00002222,C000367,2023-02-02 10:00:40,2023-02-02 10:02:24,M41568,Cafe and restaraunts 282,AKTAU,KZ,5812,0110 - Swipe,1308112001: Debit Purchase Transaction(Domestic),48905.33,48905.33,PURCHASE,1
T00002333,C000287,2023-02-04 03:09:11,2023-02-04 03:10:24,M46307,Supermarket 349,MONTREAL,CA,5411,0003 - Recurring,1308222001: Refund Transaction(International),130515.5,130515.5,WITHDRAWAL,1
T00002394,C000050,2023-02-05 03:23:33,2023-02-05 03:23:38,M23346,Jewelry 414,TALDYKORGAN,KZ,5944,0730 - Contactless - VSDC chip,1308172001: Cash Withdrawal Transaction(Domestic),103102.15,35368.48,PURCHASE,1
T00002442,C000226,2023-02-05 19:21:32,2023-02-05 19:22:48,M72505,Hotel 813,SEMEY,KZ,4816,0000 - Unknown,1308192001: Balance Inquiry Transaction(Domestic),2.83,2.83,TRANSFER,1
T00002452,C000173,2023-02-05 21:26:30,2023-02-05 21:27:38,M17195,ATM Withdrawal,AKTAU,KZ,6011,0800 - Contactless - Magstripe,1308222001: Refund Transaction(International),60570.15,60570.15,PURCHASE,1
T00002463,C000069,2023-02-06 02:10:53,2023-02-06 02:11:16,M31172,Transport 602,PAVLODAR,KZ,4816,1000 - Credential on file,1308242001: Transfer Transaction(International),50.74,50.74,PURCHASE,1
T00002510,C000434,2023-02-06 19:40:29,2023-02-06 19:41:33,M82589,Unknown Merchant,KOSTANAY,KZ,5065,MAGNETIC,1308112001: Debit Purchase Transaction(Domestic),292439.48,99.78,PURCHASE,1
T00002529,C000359,2023-02-07 02:07:49,2023-02-07 02:07:54,M87347,Hotel 838,SAO PAULO,BR,7011,1000 - Credential on file,1308202001: Balance Inquiry Transaction(International),20989.23,37041.14,PURCHASE,1
T00002566,C000399,2023-02-07 16:20:27,2023-02-07 16:21:32,M32183,Supermarket 456,KARAGANDA,KZ,4816,0720 - Contactless - VSDC magstripe,1308132001: Credit Purchase Transaction(Domestic),95.15,95.15,PURCHASE,1
T00002589,C000414,2023-02-08 01:37:43,2023-02-08 01:37:48,M32735,Jewelry 963,BANGALORE,IN,5944,0002 - Mail/Phone order,1308182001: Cash Withdrawal Transaction(International),92051.41,93592.63,PURCHASE,1
T00002612,C000337,2023-02-08 08:29:08,2023-02-08 08:30:49,M15293,Hotel 374,RIO DE JANEIRO,BR,7011,ECOMMERCE,1308242001: Transfer Transaction(International),40022.39,39226.8,PURCHASE,1
T00002631,C000216,2023-02-08 15:11:15,2023-02-08 15:11:54,M15406,Jewelry 686,TALDYKORGAN,KZ,4816,0800 - Contactless - Magstripe,1308212001: Refund Transaction(Domestic),18.07,18.07,PURCHASE,1
T00002642,C000488,2023-02-08 18:15:33,2023-02-08 18:17:04,M60899,Supermarket 745,KOSTANAY,KZ,4816,0730 - Contactless - VSDC chip,1308172001: Cash Withdrawal Transaction(Domestic),58.54,58.54,PURCHASE,1
T00002655,C000181,2023-02-09 01:26:27,2023-02-09 01:26:32,M92596,Jewelry 494,NEW YORK,US,5944,0004 - Installment,1308222001: Refund Transaction(International),225089.73,50786.83,PURCHASE,1
T00002674,C000296,2023-02-09 08:08:23,2023-02-09 08:10:13,M51412,Jewelry 284,LYON,FR,5944,ECOMMERCE,1308162001: Prepaid Purchase Transaction(International),60079.64,59092.61,PURCHASE,1
T00002759,C000252,2023-02-10 07:26:47,2023-02-10 07:27:46,M23979,Supermarket 755,SEMEY,KZ,4816,0005 - Preauthorized,1308162001: Prepaid Purchase Transaction(International),34.18,34.18,PURCHASE,1
T00002776,C000284,2023-02-10 11:38:05,2023-02-10 11:38:40,M86073,Supermarket 958,SEMEY,KZ,4816,0120 - Keyin,1308272001: Other Transaction(Domestic),52.63,52.63,PURCHASE,1
T00002854,C000191,2023-02-11 10:16:46,2023-02-11 10:17:49,M77475,Digital Service 676,KARAGANDA,KZ,4816,0720 - Contactless - VSDC magstripe,1308232001: Transfer Transaction(Domestic),68.17,68.17,PURCHASE,1
T00002875,C000145,2023-02-11 18:40:11,2023-02-11 18:40:22,M77161,Unknown Merchant,KARAGANDA,KZ,5944,MAGNETIC,1308182001: Cash Withdrawal Transaction(International),193498.93,7118.75,PURCHASE,1
T00002937,C000384,2023-02-12 20:01:04,2023-02-12 20:01:39,M65606,Pharmacy 158,TALDYKORGAN,KZ,4816,0000 - Unknown,1308132001: Credit Purchase Transaction(Domestic),50.0,50.0,WITHDRAWAL,1
T00002988,C000482,2023-02-13 12:10:07,2023-02-13 12:10:29,M68971,Unknown Merchant,ANKARA,TR,5944,MAGNETIC,1308212001: Refund Transaction(Domestic),224521.31,452.34,PURCHASE,1
T00003180,C000418,2023-02-16 06:24:59,2023-02-16 06:25:54,M17657,ATM Withdrawal,BARCELONA,ES,6011,ECOMMERCE,1308142001: Credit Purchase Transaction(International),41656.56,40756.62,PURCHASE,1
T00003262,C000233,2023-02-17 07:11:09,2023-02-17 07:11:30,M79938,Unknown Merchant,KUALA LUMPUR,MY,5065,MAGNETIC,1308242001: Transfer Transaction(International),102985.39,48442.04,PURCHASE,1
T00003267,C000148,2023-02-17 08:38:26,2023-02-17 08:39:48,M93959,Supermarket 91,KOSTANAY,KZ,5411,0002 - Mail/Phone order,1308122001: Debit Purchase Transaction(International),177798.76,177798.76,PURCHASE,1
T00003315,C000032,2023-02-18 01:56:13,2023-02-18 01:56:55,M15285,Online store 987,MILAN,IT,5999,0720 - Contactless - VSDC magstripe,1308252001: Bill Payment Transaction(Domestic),164258.58,164258.58,PURCHASE,1
T00003324,C000490,2023-02-18 03:51:13,2023-02-18 03:52:08,M79772,Online store 550,AKTAU,KZ,5999,0720 - Contactless - VSDC magstripe,1308142001: Credit Purchase Transaction(International),172912.94,172912.94,TRANSFER,1
T00003397,C000179,2023-02-19 01:30:06,2023-02-19 01:30:11,M89703,Jewelry 910,KARAGANDA,KZ,5944,0800 - Contactless - Magstripe,1308122001: Debit Purchase Transaction(International),79715.94,46245.5,PURCHASE,1
T00003519,C000040,2023-02-21 02:02:58,2023-02-21 02:04:13,M93254,Unknown Merchant,SHYMKENT,KZ,5065,MAGNETIC,1308142001: Credit Purchase Transaction(International),130933.03,50571.49,PURCHASE,1
T00003523,C000392,2023-02-21 03:01:37,2023-02-21 03:02:16,M44113,Hotel 126,SAMARKAND,UZ,4816,0006 - Cash,1308282001: Other Transaction(International),35.85,35.85,PURCHASE,1
T00003537,C000246,2023-02-21 06:08:46,2023-02-21 06:09:19,M94715,ATM Withdrawal,SHYMKENT,KZ,4816,0001 - E-commerce,1308122001: Debit Purchase Transaction(International),69.9,69.9,WITHDRAWAL,1
T00003657,C000191,2023-02-23 02:21:30,2023-02-23 02:21:48,M88560,Digital Service 756,NEW YORK,US,4816,1000 - Credential on file,1308232001: Transfer Transaction(Domestic),52.22,52.22,REFUND,1
T00003658,C000246,2023-02-23 02:27:32,2023-02-23 02:27:37,M78781,Pharmacy 92,KARAGANDA,KZ,5912,0720 - Contactless - VSDC magstripe,1308122001: Debit Purchase Transaction(International),33797.15,5921.8,PURCHASE,1
T00003694,C000498,2023-02-23 12:24:36,2023-02-23 12:25:28,M78728,Elecrtronics 560,OSH,KG,5065,ECOMMERCE,1308192001: Balance Inquiry Transaction(Domestic),72562.18,72349.62,PURCHASE,1
T00003702,C000280,2023-02-23 18:23:41,2023-02-23 18:25:09,M96350,Digital Service 651,SEMEY,KZ,4816,0000 - Unknown,1308242001: Transfer Transaction(International),150822.8,150822.8,REFUND,1
T00003788,C000202,2023-02-25 03:03:14,2023-02-25 03:05:03,M96267,Digital Service 409,ATYRAU,KZ,4816,0002 - Mail/Phone order,1308112001: Debit Purchase Transaction(Domestic),73.71,73.71,PURCHASE,1
T00003863,C000375,2023-02-26 06:13:32,2023-02-26 06:14:11,M49421,Unknown Merchant,ASTANA,KZ,5944,MAGNETIC,1308162001: Prepaid Purchase Transaction(International),188483.39,1291.52,WITHDRAWAL,1
T00003867,C000244,2023-02-26 06:33:07,2023-02-26 06:33:41,M67144,Transport 525,MEXICO CITY,MX,4816,0730 - Contactless - VSDC chip,1308152001: Prepaid Purchase Transaction(Domestic),55.44,55.44,PURCHASE,1
T00003948,C000296,2023-02-27 11:36:36,2023-02-27 11:36:47,M21470,Online store 156,TARAZ,KZ,5999,0004 - Installment,1308162001: Prepaid Purchase Transaction(International),168560.94,168560.94,PURCHASE,1
T00003993,C000128,2023-02-28 02:10:00,2023-02-28 02:10:01,M77027,Jewelry 994,MILAN,IT,5944,1000 - Credential on file,1308242001: Transfer Transaction(International),74199.83,74199.83,PURCHASE,1
T00004078,C000208,2023-03-01 03:34:25,2023-03-01 03:36:06,M41055,Online store 44,ALMATY,KZ,5999,0007 - Other,1308232001: Transfer Transaction(Domestic),85538.32,85538.32,PURCHASE,1
T00004134,C000212,2023-03-02 02:38:34,2023-03-02 02:40:26,M87036,Unknown Merchant,TALDYKORGAN,KZ,5944,MAGNETIC,1308182001: Cash Withdrawal Transaction(International),155568.99,64564.76,PURCHASE,1
T00004267,C000055,2023-03-03 23:01:17,2023-03-03 23:02:17,M57187,Unknown Merchant,ALMATY,KZ,5944,MAGNETIC,1308222001: Refund Transaction(International),239446.21,98.39,PURCHASE,1
T00004268,C000228,2023-03-03 23:44:45,2023-03-03 23:45:56,M68026,ATM Withdrawal,OSH,KG,6011,0710 - Contactless - VSDC chip,1308142001: Credit Purchase Transaction(International),481473.82,481473.82,PURCHASE,1
T00004453,C000384,2023-03-07 05:02:19,2023-03-07 05:03:16,M42680,Hotel 742,EDINBURGH,GB,7011,0120 - Keyin,1308132001: Credit Purchase Transaction(Domestic),38214.76,38214.76,PURCHASE,1
T00004486,C000419,2023-03-07 18:08:02,2023-03-07 18:08:43,M80781,ATM Withdrawal,TALDYKORGAN,KZ,6011,0006 - Cash,1308262001: Bill Payment Transaction(International),101785.91,101785.91,PURCHASE,1
T00004548,C000249,2023-03-08 14:43:48,2023-03-08 14:45:27,M94918,Supermarket 289,SINGAPORE,SGP,5411,ECOMMERCE,1308212001: Refund Transaction(Domestic),4008.31,4003.08,PURCHASE,1
T00004583,C000197,2023-03-09 08:07:38,2023-03-09 08:09:30,M46367,Pharmacy 407,MILAN,IT,5912,ECOMMERCE,1308112001: Debit Purchase Transaction(Domestic),100.0,98.41,PURCHASE,1
T00004591,C000209,2023-03-09 09:53:33,2023-03-09 09:55:24,M79481,Unknown Merchant,ALMATY,KZ,5944,MAGNETIC,1308272001: Other Transaction(Domestic),165223.35,98.49,TRANSFER,1
T00004592,C000434,2023-03-09 10:24:18,2023-03-09 10:25:14,M34437,Transport 262,TARAZ,KZ,4816,0002 - Mail/Phone order,1308112001: Debit Purchase Transaction(Domestic),14.31,14.31,PURCHASE,1
T00004616,C000277,2023-03-09 20:48:17,2023-03-09 20:48:32,M45473,Cafe and restaraunts 295,ASTANA,KZ,4816,0510 - Contactless - Magstripe,1308132001: Credit Purchase Transaction(Domestic),29.95,29.95,REFUND,1
T00004695,C000027,2023-03-10 21:12:36,2023-03-10 21:13:53,M59936,Unknown Merchant,TARAZ,KZ,5944,MAGNETIC,1308272001: Other Transaction(Domestic),245787.18,5882.64,PURCHASE,1
T00004708,C000007,2023-03-11 02:07:23,2023-03-11 02:07:28,M67944,Elecrtronics 11,ALMATY,KZ,5065,0002 - Mail/Phone order,1308192001: Balance Inquiry Transaction(Domestic),83228.75,22983.91,REFUND,1
T00004770,C000414,2023-03-11 21:03:13,2023-03-11 21:04:08,M44922,Digital Service 77,BANGALORE,IN,4816,ECOMMERCE,1308182001: Cash Withdrawal Transaction(International),100.0,98.65,PURCHASE,1
T00004859,C000279,2023-03-13 04:49:45,2023-03-13 04:49:50,M94966,Transport 515,BISHKEK,KG,4111,0005 - Preauthorized,1308162001: Prepaid Purchase Transaction(International),191435.48,1262.9,WITHDRAWAL,1
T00004886,C000010,2023-03-13 14:01:22,2023-03-13 14:01:56,M45378,Hotel 575,ALMATY,KZ,7011,0006 - Cash,1308262001: Bill Payment Transaction(International),102802.4,102802.4,PURCHASE,1
T00004887,C000126,2023-03-13 14:16:57,2023-03-13 14:18:01,M90496,Jewelry 17,TALDYKORGAN,KZ,5944,0005 - Preauthorized,1308232001: Transfer Transaction(Domestic),190044.24,190044.24,PURCHASE,1
T00004912,C000032,2023-03-14 00:22:48,2023-03-14 00:23:10,M20764,Jewelry 234,ATYRAU,KZ,5944,0006 - Cash,1308252001: Bill Payment Transaction(Domestic),158052.14,158052.14,PURCHASE,1
T00005003,C000082,2023-03-15 09:21:08,2023-03-15 09:21:21,M70567,Cafe and restaraunts 552,ALMATY,KZ,5812,0000 - Unknown,1308112001: Debit Purchase Transaction(Domestic),37269.92,37269.92,PURCHASE,1
T00005009,C000368,2023-03-15 11:29:05,2023-03-15 11:29:22,M86471,Unknown Merchant,TALDYKORGAN,KZ,5944,MAGNETIC,1308272001: Other Transaction(Domestic),160925.31,1859.74,PURCHASE,1
T00005110,C000409,2023-03-17 03:06:02,2023-03-17 03:07:12,M66918,Online store 539,SHYMKENT,KZ,4816,0800 - Contactless - Magstripe,1308272001: Other Transaction(Domestic),20.25,20.25,PURCHASE,1
T00005161,C000315,2023-03-17 20:07:57,2023-03-17 20:08:35,M57665,Transport 317,BUSAN,KR,4111,ECOMMERCE,1308172001: Cash Withdrawal Transaction(Domestic),1494.17,1461.93,PURCHASE,1
T00005163,C000403,2023-03-17 20:59:28,2023-03-17 21:01:16,M39835,Supermarket 818,DUBAI,AE,5411,ECOMMERCE,1308172001: Cash Withdrawal Transaction(Domestic),4306.36,4226.29,PURCHASE,1
T00005178,C000297,2023-03-18 02:41:36,2023-03-18 02:41:41,M82282,Hotel 752,KARAGANDA,KZ,7011,0002 - Mail/Phone order,1308152001: Prepaid Purchase Transaction(Domestic),31655.88,98.52,WITHDRAWAL,1
T00005263,C000164,2023-03-19 06:09:41,2023-03-19 06:10:02,M86682,Supermarket 284,ATYRAU,KZ,5411,0007 - Other,1308262001: Bill Payment Transaction(International),94520.39,94520.39,PURCHASE,1
T00005367,C000275,2023-03-20 17:18:46,2023-03-20 17:20:39,M86398,Pharmacy 70,AKTAU,KZ,4816,0007 - Other,1308152001: Prepaid Purchase Transaction(Domestic),15.45,15.45,PURCHASE,1
T00005384,C000163,2023-03-21 00:10:51,2023-03-21 00:11:36,M90886,Cafe and restaraunts 716,SEMEY,KZ,5812,0800 - Contactless - Magstripe,1308272001: Other Transaction(Domestic),615536.69,615536.69,TRANSFER,1
T00005518,C000134,2023-03-23 01:27:27,2023-03-23 01:27:38,M19377,Online store 354,KYOTO,JP,4816,0800 - Contactless - Magstripe,1308282001: Other Transaction(International),39.85,39.85,PURCHASE,1
T00005634,C000363,2023-03-24 18:29:57,2023-03-24 18:30:22,M32346,ATM Withdrawal,SEMEY,KZ,6011,0006 - Cash,1308162001: Prepaid Purchase Transaction(International),266285.61,266285.61,PURCHASE,1
T00005644,C000280,2023-03-24 20:28:21,2023-03-24 20:29:07,M86207,Supermarket 581,AKTAU,KZ,4816,0510 - Contactless - Magstripe,1308242001: Transfer Transaction(International),66.73,66.73,PURCHASE,1
T00005726,C000049,2023-03-26 01:33:45,2023-03-26 01:34:35,M28364,Digital Service 348,ASTANA,KZ,4816,0000 - Unknown,1308242001: Transfer Transaction(International),12.89,12.89,PURCHASE,1
T00005739,C000011,2023-03-26 04:13:45,2023-03-26 04:13:50,M85460,Digital Service 95,ZURICH,CH,4816,0001 - E-commerce,1308202001: Balance Inquiry Transaction(International),67081.47,1865.42,PURCHASE,1
T00005748,C000290,2023-03-26 06:50:48,2023-03-26 06:51:17,M84230,Digital Service 18,PAVLODAR,KZ,4816,0002 - Mail/Phone order,1308282001: Other Transaction(International),74169.31,74169.31,PURCHASE,1
T00005845,C000219,2023-03-27 19:44:40,2023-03-27 19:44:44,M63088,Unknown Merchant,NOVOSIBIRSK,RU,5065,MAGNETIC,1308172001: Cash Withdrawal Transaction(Domestic),259127.73,9126.77,PURCHASE,1
T00005853,C000365,2023-03-27 21:16:17,2023-03-27 21:16:55,M25122,Online store 581,ATYRAU,KZ,4816,0000 - Unknown,1308162001: Prepaid Purchase Transaction(International),31.09,31.09,PURCHASE,1
T00005898,C000110,2023-03-28 13:40:18,2023-03-28 13:41:19,M78824,Unknown Merchant,CANCUN,MX,5065,MAGNETIC,1308112001: Debit Purchase Transaction(Domestic),281205.2,7434.75,PURCHASE,1
T00005901,C000208,2023-03-28 13:55:20,2023-03-28 13:55:53,M52663,Pharmacy 612,PAVLODAR,KZ,5912,1000 - Credential on file,1308232001: Transfer Transaction(Domestic),70193.96,70193.96,PURCHASE,1
T00005918,C000194,2023-03-28 18:57:21,2023-03-28 18:58:02,M26853,Supermarket 484,ATYRAU,KZ,4816,0004 - Installment,1308252001: Bill Payment Transaction(Domestic),47.86,47.86,PURCHASE,1
T00005947,C000437,2023-03-29 04:44:11,2023-03-29 04:44:38,M23124,Pharmacy 21,RIO DE JANEIRO,BR,5912,ECOMMERCE,1308122001: Debit Purchase Transaction(International),110.88,109.38,PURCHASE,1
T00006015,C000471,2023-03-30 01:05:04,2023-03-30 01:05:42,M72456,Elecrtronics 938,SEMEY,KZ,4816,0005 - Preauthorized,1308132001: Credit Purchase Transaction(Domestic),98.33,98.33,PURCHASE,1
T00006249,C000182,2023-04-02 13:27:18,2023-04-02 13:28:47,M86122,Transport 99,MONTREAL,CA,4111,0720 - Contactless - VSDC magstripe,1308242001: Transfer Transaction(International),160376.34,160376.34,PURCHASE,1
T00006283,C000366,2023-04-03 01:20:19,2023-04-03 01:20:24,M79209,Cafe and restaraunts 66,ALMATY,KZ,5812,0800 - Contactless - Magstripe,1308132001: Credit Purchase Transaction(Domestic),220743.76,2595.21,WITHDRAWAL,1
T00006378,C000220,2023-04-04 10:27:29,2023-04-04 10:29:09,M41356,Unknown Merchant,PHUKET,TH,5944,MAGNETIC,1308182001: Cash Withdrawal Transaction(International),245358.16,8669.83,PURCHASE,1
T00006420,C000340,2023-04-05 03:22:29,2023-04-05 03:22:34,M47897,Digital Service 133,VANCOUVER,CA,4816,0001 - E-commerce,1308152001: Prepaid Purchase Transaction(Domestic),59418.39,4049.14,PURCHASE,1
T00006431,C000360,2023-04-05 09:38:56,2023-04-05 09:40:38,M15968,Transport 263,BISHKEK,KG,4111,ECOMMERCE,1308202001: Balance Inquiry Transaction(International),444.97,443.33,PURCHASE,1
T00006690,C000225,2023-04-09 11:28:22,2023-04-09 11:28:55,M16788,Hotel 244,KOSTANAY,KZ,4816,0000 - Unknown,1308202001: Balance Inquiry Transaction(International),98.28,98.28,PURCHASE,1
T00006863,C000276,2023-04-12 03:25:27,2023-04-12 03:27:24,M50800,ATM Withdrawal,AKTAU,KZ,4816,0005 - Preauthorized,1308152001: Prepaid Purchase Transaction(Domestic),94.86,94.86,PURCHASE,1
T00006900,C000238,2023-04-12 17:54:24,2023-04-12 17:54:33,M62397,Unknown Merchant,BISHKEK,KG,5065,MAGNETIC,1308232001: Transfer Transaction(Domestic),232396.21,36668.52,REFUND,1
T00006926,C000119,2023-04-13 01:22:41,2023-04-13 01:23:28,M45305,Unknown Merchant,TARAZ,KZ,5065,MAGNETIC,1308222001: Refund Transaction(International),292593.42,9391.17,TRANSFER,1
T00006927,C000230,2023-04-13 01:23:52,2023-04-13 01:25:46,M84756,Unknown Merchant,ATYRAU,KZ,5944,MAGNETIC,1308172001: Cash Withdrawal Transaction(Domestic),145207.58,29794.64,PURCHASE,1
T00006967,C000422,2023-04-13 18:40:48,2023-04-13 18:41:40,M79918,Cafe and restaraunts 79,ALMATY,KZ,5812,0001 - E-commerce,1308252001: Bill Payment Transaction(Domestic),82359.51,82359.51,PURCHASE,1
T00007006,C000079,2023-04-14 07:04:00,2023-04-14 07:05:47,M91017,Jewelry 138,LONDON,GB,4816,0002 - Mail/Phone order,1308152001: Prepaid Purchase Transaction(Domestic),32.73,32.73,PURCHASE,1
T00007062,C000279,2023-04-15 00:20:29,2023-04-15 00:20:34,M15283,Supermarket 166,TALDYKORGAN,KZ,5411,0510 - Contactless - Magstripe,1308162001: Prepaid Purchase Transaction(International),161981.83,9561.49,PURCHASE,1
T00007220,C000499,2023-04-17 02:37:26,2023-04-17 02:37:31,M77451,Digital Service 227,TALDYKORGAN,KZ,4816,0710 - Contactless - VSDC chip,1308162001: Prepaid Purchase Transaction(International),9055.03,5780.67,PURCHASE,1
T00007289,C000119,2023-04-18 01:12:56,2023-04-18 01:13:01,M33906,Jewelry 67,KUALA LUMPUR,MY,5944,0004 - Installment,1308222001: Refund Transaction(International),191506.43,54595.41,PURCHASE,1
T00007413,C000472,2023-04-19 13:53:37,2023-04-19 13:54:14,M60649,Supermarket 260,ZURICH,CH,5411,ECOMMERCE,1308272001: Other Transaction(Domestic),5175.58,5148.33,TRANSFER,1
T00007433,C000017,2023-04-19 19:17:32,2023-04-19 19:17:41,M43544,Transport 588,MONTREAL,CA,4111,ECOMMERCE,1308282001: Other Transaction(International),928.59,908.43,PURCHASE,1
T00007459,C000302,2023-04-20 03:42:03,2023-04-20 03:42:08,M85470,Pharmacy 863,BISHKEK,KG,5912,0730 - Contactless - VSDC chip,1308262001: Bill Payment Transaction(International),10640.5,3894.84,WITHDRAWAL,1
T00007547,C000357,2023-04-21 02:38:54,2023-04-21 02:39:47,M15941,Supermarket 859,SHYMKENT,KZ,5411,0003 - Recurring,1308242001: Transfer Transaction(International),283812.67,283812.67,WITHDRAWAL,1
T00007648,C000062,2023-04-22 14:52:34,2023-04-22 14:53:20,M43617,Jewelry 454,SHYMKENT,KZ,5944,0005 - Preauthorized,1308162001: Prepaid Purchase Transaction(International),39904.84,39904.84,WITHDRAWAL,1
T00007669,C000376,2023-04-22 22:39:47,2023-04-22 22:40:48,M32302,Transport 817,TARAZ,KZ,4111,0008 - Not used,1308192001: Balance Inquiry Transaction(Domestic),483782.31,483782.31,PURCHASE,1
T00007682,C000039,2023-04-23 02:42:36,2023-04-23 02:42:41,M67541,Supermarket 756,AMSTERDAM,NL,5411,0006 - Cash,1308162001: Prepaid Purchase Transaction(International),21911.95,8837.82,PURCHASE,1
T00007831,C000334,2023-04-25 14:05:54,2023-04-25 14:07:26,M93240,Elecrtronics 566,CAIRO,EG,5065,0800 - Contactless - Magstripe,1308132001: Credit Purchase Transaction(Domestic),47400.27,47400.27,PURCHASE,1
T00007966,C000333,2023-04-27 11:43:26,2023-04-27 11:45:06,M79460,Unknown Merchant,SAMARKAND,UZ,5065,MAGNETIC,1308182001: Cash Withdrawal Transaction(International),237905.36,53205.42,WITHDRAWAL,1
T00008045,C000303,2023-04-28 14:31:15,2023-04-28 14:32:03,M56981,Cafe and restaraunts 129,ATYRAU,KZ,4816,0110 - Swipe,1308242001: Transfer Transaction(International),3.41,3.41,PURCHASE,1
T00008093,C000219,2023-04-29 08:01:42,2023-04-29 08:02:10,M64230,Supermarket 850,SHYMKENT,KZ,4816,0000 - Unknown,1308172001: Cash Withdrawal Transaction(Domestic),58.77,58.77,PURCHASE,1
T00008146,C000083,2023-04-30 05:10:25,2023-04-30 05:10:59,M33302,Pharmacy 189,TALDYKORGAN,KZ,5912,0002 - Mail/Phone order,1308202001: Balance Inquiry Transaction(International),67788.06,67788.06,PURCHASE,1
T00008208,C000284,2023-05-01 01:48:43,2023-05-01 01:48:48,M15679,Digital Service 183,ALMATY,KZ,4816,0004 - Installment,1308272001: Other Transaction(Domestic),65902.6,5135.96,WITHDRAWAL,1
T00008220,C000157,2023-05-01 04:20:23,2023-05-01 04:21:22,M71174,Jewelry 213,SEMEY,KZ,5944,0800 - Contactless - Magstripe,1308172001: Cash Withdrawal Transaction(Domestic),62902.8,62902.8,PURCHASE,1
T00008378,C000401,2023-05-03 04:31:40,2023-05-03 04:31:45,M61313,Elecrtronics 375,MARSEILLE,FR,5065,0001 - E-commerce,1308262001: Bill Payment Transaction(International),73594.19,28383.8,PURCHASE,1
T00008774,C000058,2023-05-09 08:52:56,2023-05-09 08:54:24,M85462,Elecrtronics 172,AKTAU,KZ,5065,1000 - Credential on file,1308232001: Transfer Transaction(Domestic),306145.22,306145.22,PURCHASE,1
T00008784,C000493,2023-05-09 12:13:52,2023-05-09 12:15:27,M97845,Elecrtronics 519,TALDYKORGAN,KZ,5065,0000 - Unknown,1308282001: Other Transaction(International),58425.2,58425.2,PURCHASE,1
T00008819,C000413,2023-05-10 01:11:30,2023-05-10 01:11:35,M32975,Online store 601,SEMEY,KZ,5999,0110 - Swipe,1308282001: Other Transaction(International),35400.01,4688.93,WITHDRAWAL,1
T00008866,C000301,2023-05-10 21:56:49,2023-05-10 21:57:55,M70036,Online store 693,ALMATY,KZ,5999,0000 - Unknown,1308252001: Bill Payment Transaction(Domestic),402149.32,402149.32,PURCHASE,1
T00008938,C000465,2023-05-11 18:17:23,2023-05-11 18:19:16,M32166,Jewelry 928,ALMATY,KZ,5944,1000 - Credential on file,1308182001: Cash Withdrawal Transaction(International),68200.35,68200.35,PURCHASE,1
T00008949,C000316,2023-05-11 23:46:02,2023-05-11 23:47:19,M99273,ATM Withdrawal,BARCELONA,ES,4816,0710 - Contactless - VSDC chip,1308212001: Refund Transaction(Domestic),43.3,43.3,PURCHASE,1
T00009133,C000230,2023-05-14 17:37:44,2023-05-14 17:39:43,M24956,Online store 755,ASTANA,KZ,5999,1000 - Credential on file,1308172001: Cash Withdrawal Transaction(Domestic),119529.14,119529.14,PURCHASE,1
T00009209,C000478,2023-05-16 00:57:22,2023-05-16 00:57:27,M45050,Transport 230,GOTHENBURG,SE,4111,0510 - Contactless - Magstripe,1308192001: Balance Inquiry Transaction(Domestic),37009.33,526.03,PURCHASE,1
T00009300,C000418,2023-05-17 02:36:35,2023-05-17 02:38:12,M47581,Online store 352,SEMEY,KZ,5999,0710 - Contactless - VSDC chip,1308142001: Credit Purchase Transaction(International),336734.83,336734.83,PURCHASE,1
T00009304,C000350,2023-05-17 03:11:12,2023-05-17 03:11:17,M15653,Supermarket 132,CANCUN,MX,5411,0008 - Not used,1308152001: Prepaid Purchase Transaction(Domestic),269648.64,6917.0,PURCHASE,1
T00009488,C000294,2023-05-20 01:27:48,2023-05-20 01:28:34,M70438,Unknown Merchant,CHICAGO,US,5065,MAGNETIC,1308132001: Credit Purchase Transaction(Domestic),185902.59,97.48,PURCHASE,1
T00009497,C000246,2023-05-20 03:34:54,2023-05-20 03:35:00,M86013,Hotel 483,GENEVA,CH,7011,ECOMMERCE,1308122001: Debit Purchase Transaction(International),21767.67,21316.75,WITHDRAWAL,1
T00009604,C000293,2023-05-21 20:28:56,2023-05-21 20:30:50,M75118,Elecrtronics 913,ANKARA,TR,5065,ECOMMERCE,1308182001: Cash Withdrawal Transaction(International),70012.34,69249.15,PURCHASE,1
T00009638,C000019,2023-05-22 08:54:59,2023-05-22 08:56:16,M78962,Pharmacy 12,TALDYKORGAN,KZ,4816,0800 - Contactless - Magstripe,1308162001: Prepaid Purchase Transaction(International),3.77,3.77,WITHDRAWAL,1
T00009646,C000098,2023-05-22 09:49:30,2023-05-22 09:49:42,M40190,Transport 534,SEMEY,KZ,4111,0730 - Contactless - VSDC chip,1308152001: Prepaid Purchase Transaction(Domestic),75459.4,75459.4,PURCHASE,1
T00009647,C000266,2023-05-22 10:20:24,2023-05-22 10:20:52,M63833,ATM Withdrawal,SHARM EL SHEIKH,EG,4816,1000 - Credential on file,1308192001: Balance Inquiry Transaction(Domestic),5.8,5.8,WITHDRAWAL,1
T00009654,C000047,2023-05-22 12:44:53,2023-05-22 12:45:32,M20921,Transport 402,BUSAN,KR,4111,ECOMMERCE,1308262001: Bill Payment Transaction(International),699.14,698.77,PURCHASE,1
T00009682,C000347,2023-05-22 22:23:55,2023-05-22 22:25:40,M91135,Digital Service 514,SEMEY,KZ,4816,1000 - Credential on file,1308122001: Debit Purchase Transaction(International),23.92,23.92,TRANSFER,1
T00009685,C000173,2023-05-23 00:11:17,2023-05-23 00:13:03,M14813,Supermarket 177,ATYRAU,KZ,4816,0720 - Contactless - VSDC magstripe,1308222001: Refund Transaction(International),75.23,75.23,REFUND,1
T00009745,C000147,2023-05-23 18:49:12,2023-05-23 18:49:25,M38564,Unknown Merchant,VENICE,IT,5065,MAGNETIC,1308272001: Other Transaction(Domestic),224114.27,25761.51,PURCHASE,1
T00009814,C000039,2023-05-24 18:42:07,2023-05-24 18:43:37,M86335,Elecrtronics 833,MEXICO CITY,MX,5065,ECOMMERCE,1308162001: Prepaid Purchase Transaction(International),36821.91,36361.13,PURCHASE,1
T00010115,C000124,2023-05-29 01:43:20,2023-05-29 01:43:25,M98161,Online store 21,KARAGANDA,KZ,5999,0800 - Contactless - Magstripe,1308182001: Cash Withdrawal Transaction(International),225919.15,4936.08,REFUND,1
T00010212,C000043,2023-05-30 13:27:05,2023-05-30 13:27:15,M65940,Digital Service 976,FRANKFURT,DE,4816,0800 - Contactless - Magstripe,1308222001: Refund Transaction(International),141514.34,141514.34,WITHDRAWAL,1
T00010250,C000235,2023-05-31 02:23:44,2023-05-31 02:25:01,M94535,Unknown Merchant,TARAZ,KZ,5065,MAGNETIC,1308162001: Prepaid Purchase Transaction(International),142669.75,2217.17,WITHDRAWAL,1
T00010290,C000406,2023-05-31 13:40:35,2023-05-31 13:42:02,M20838,Unknown Merchant,ROME,IT,5944,MAGNETIC,1308272001: Other Transaction(Domestic),107733.23,31394.73,PURCHASE,1
T00010299,C000336,2023-05-31 18:32:00,2023-05-31 18:32:35,M57522,Unknown Merchant,KOSTANAY,KZ,5944,MAGNETIC,1308272001: Other Transaction(Domestic),241881.74,4417.96,PURCHASE,1
T00010314,C000303,2023-05-31 23:55:28,2023-05-31 23:56:24,M28709,Unknown Merchant,BATUMI,GE,5065,MAGNETIC,1308242001: Transfer Transaction(International),283034.75,8082.59,PURCHASE,1
T00010317,C000172,2023-06-01 01:25:38,2023-06-01 01:27:12,M76812,Elecrtronics 634,ZURICH,CH,5065,ECOMMERCE,1308242001: Transfer Transaction(International),33666.65,33093.0,WITHDRAWAL,1
T00010325,C000441,2023-06-01 04:38:43,2023-06-01 04:39:53,M73644,Elecrtronics 715,MEXICO CITY,MX,5065,ECOMMERCE,1308112001: Debit Purchase Transaction(Domestic),100.0,99.22,PURCHASE,1
T00010347,C000455,2023-06-01 13:07:18,2023-06-01 13:08:47,M11059,Hotel 628,SEMEY,KZ,4816,0003 - Recurring,1308202001: Balance Inquiry Transaction(International),29.09,29.09,PURCHASE,1
T00010355,C000446,2023-06-01 15:40:43,2023-06-01 15:41:26,M28341,Cafe and restaraunts 825,KYOTO,JP,5812,ECOMMERCE,1308142001: Credit Purchase Transaction(International),5998.42,5852.01,PURCHASE,1
T00010407,C000245,2023-06-02 12:41:54,2023-06-02 12:42:02,M41622,Cafe and restaraunts 916,GENEVA,CH,4816,0001 - E-commerce,1308142001: Credit Purchase Transaction(International),88.25,88.25,PURCHASE,1
T00010435,C000449,2023-06-02 20:28:45,2023-06-02 20:29:04,M75271,ATM Withdrawal,BERLIN,DE,6011,ECOMMERCE,1308202001: Balance Inquiry Transaction(International),10127.64,9827.51,PURCHASE,1
T00010449,C000315,2023-06-03 00:03:53,2023-06-03 00:05:24,M45051,Cafe and restaraunts 675,BATUMI,GE,5812,ECOMMERCE,1308172001: Cash Withdrawal Transaction(Domestic),1466.3,1434.83,PURCHASE,1
T00010493,C000341,2023-06-03 14:50:05,2023-06-03 14:51:08,M56275,Cafe and restaraunts 181,SEOUL,KR,5812,ECOMMERCE,1308142001: Credit Purchase Transaction(International),3359.36,3287.65,PURCHASE,1
T00010545,C000051,2023-06-04 08:10:47,2023-06-04 08:12:43,M30305,Unknown Merchant,ANTALYA,TR,5944,MAGNETIC,1308172001: Cash Withdrawal Transaction(Domestic),158545.13,5468.85,PURCHASE,1
T00010546,C000043,2023-06-04 08:11:53,2023-06-04 08:12:00,M78480,Supermarket 341,LONDON,GB,4816,0710 - Contactless - VSDC chip,1308222001: Refund Transaction(International),45.01,45.01,PURCHASE,1
T00010582,C000181,2023-06-04 18:02:04,2023-06-04 18:02:33,M60796,Unknown Merchant,MELBOURNE,AU,5065,MAGNETIC,1308222001: Refund Transaction(International),202637.41,5961.66,PURCHASE,1
T00010597,C000368,2023-06-04 21:53:02,2023-06-04 21:53:56,M72217,ATM Withdrawal,ALMATY,KZ,6011,0003 - Recurring,1308272001: Other Transaction(Domestic),106786.62,106786.62,PURCHASE,1
T00010896,C000350,2023-06-09 03:20:50,2023-06-09 03:20:55,M19481,Online store 724,PAVLODAR,KZ,5999,0000 - Unknown,1308152001: Prepaid Purchase Transaction(Domestic),106327.07,2150.03,PURCHASE,1
T00010919,C000062,2023-06-09 09:42:05,2023-06-09 09:43:00,M73965,Cafe and restaraunts 444,VANCOUVER,CA,5812,ECOMMERCE,1308162001: Prepaid Purchase Transaction(International),2778.85,2750.17,PURCHASE,1
T00010920,C000220,2023-06-09 10:01:35,2023-06-09 10:02:51,M62877,Digital Service 316,BATUMI,GE,4816,0120 - Keyin,1308182001: Cash Withdrawal Transaction(International),48768.83,48768.83,PURCHASE,1
T00010922,C000323,2023-06-09 10:33:53,2023-06-09 10:35:13,M10315,Supermarket 648,SEMEY,KZ,4816,1000 - Credential on file,1308262001: Bill Payment Transaction(International),15.05,15.05,PURCHASE,1
T00010945,C000336,2023-06-09 18:39:59,2023-06-09 18:41:26,M63647,Transport 614,KOSTANAY,KZ,4816,0008 - Not used,1308272001: Other Transaction(Domestic),5.38,5.38,PURCHASE,1
T00010957,C000328,2023-06-09 21:34:48,2023-06-09 21:36:01,M64079,Hotel 422,ISTANBUL,TR,4816,0730 - Contactless - VSDC chip,1308242001: Transfer Transaction(International),23.28,23.28,PURCHASE,1
T00010971,C000237,2023-06-10 03:16:55,2023-06-10 03:17:13,M95543,ATM Withdrawal,ASTANA,KZ,6011,0001 - E-commerce,1308162001: Prepaid Purchase Transaction(International),41440.31,41440.31,PURCHASE,1
T00011005,C000114,2023-06-10 12:59:00,2023-06-10 13:00:20,M42229,Unknown Merchant,KRAKOW,PL,5065,MAGNETIC,1308152001: Prepaid Purchase Transaction(Domestic),139056.92,2813.9,PURCHASE,1
T00011013,C000249,2023-06-10 16:14:36,2023-06-10 16:15:34,M66651,Cafe and restaraunts 375,SEMEY,KZ,4816,0003 - Recurring,1308212001: Refund Transaction(Domestic),40.34,40.34,PURCHASE,1
T00011017,C000294,2023-06-10 16:40:13,2023-06-10 16:40:40,M75646,Online store 710,MONTREAL,CA,5999,0007 - Other,1308132001: Credit Purchase Transaction(Domestic),27951.44,27951.44,PURCHASE,1
T00011025,C000058,2023-06-10 18:56:16,2023-06-10 18:57:09,M61245,Hotel 463,SAINT PETERSBURG,RU,7011,0008 - Not used,1308232001: Transfer Transaction(Domestic),513135.37,513135.37,WITHDRAWAL,1
T00011055,C000350,2023-06-11 08:30:59,2023-06-11 08:32:32,M59013,Cafe and restaraunts 467,TARAZ,KZ,5812,0510 - Contactless - Magstripe,1308152001: Prepaid Purchase Transaction(Domestic),366193.87,366193.87,PURCHASE,1
T00011143,C000412,2023-06-12 13:44:52,2023-06-12 13:45:52,M35696,Digital Service 69,CAIRO,EG,4816,0002 - Mail/Phone order,1308192001: Balance Inquiry Transaction(Domestic),21.86,21.86,PURCHASE,1
T00011154,C000353,2023-06-12 15:54:40,2023-06-12 15:56:03,M82195,Unknown Merchant,KOSTANAY,KZ,5065,MAGNETIC,1308132001: Credit Purchase Transaction(Domestic),190689.54,98.54,WITHDRAWAL,1
T00011175,C000230,2023-06-12 21:54:37,2023-06-12 21:56:13,M99824,Elecrtronics 12,KRAKOW,PL,5065,ECOMMERCE,1308172001: Cash Withdrawal Transaction(Domestic),100.0,98.89,REFUND,1
T00011212,C000255,2023-06-13 10:30:46,2023-06-13 10:32:02,M59433,Hotel 328,GUANGZHOU,CN,7011,ECOMMERCE,1308282001: Other Transaction(International),39552.32,38708.75,PURCHASE,1
T00011278,C000304,2023-06-14 09:09:07,2023-06-14 09:10:28,M68678,Supermarket 188,ABU DHABI,AE,5411,0002 - Mail/Phone order,1308222001: Refund Transaction(International),181401.14,181401.14,PURCHASE,1
T00011316,C000112,2023-06-14 19:43:41,2023-06-14 19:44:06,M87987,Online store 610,LOS ANGELES,US,5999,0002 - Mail/Phone order,1308212001: Refund Transaction(Domestic),175581.71,175581.71,PURCHASE,1
T00011382,C000224,2023-06-16 00:12:01,2023-06-16 00:12:06,M33005,Hotel 808,KOSTANAY,KZ,7011,0510 - Contactless - Magstripe,1308272001: Other Transaction(Domestic),12424.61,32304.76,PURCHASE,1
T00011422,C000361,2023-06-16 14:53:52,2023-06-16 14:54:22,M74153,Transport 768,BATUMI,GE,4816,0008 - Not used,1308232001: Transfer Transaction(Domestic),75.29,75.29,WITHDRAWAL,1
T00011452,C000474,2023-06-17 02:33:19,2023-06-17 02:33:24,M90286,Online store 27,BERLIN,DE,5999,0008 - Not used,1308162001: Prepaid Purchase Transaction(International),47046.18,18866.53,PURCHASE,1
T00011561,C000406,2023-06-18 19:22:34,2023-06-18 19:23:38,M72683,Digital Service 874,MONTREAL,CA,4816,0001 - E-commerce,1308272001: Other Transaction(Domestic),124493.06,124493.06,PURCHASE,1
T00011587,C000148,2023-06-19 03:03:29,2023-06-19 03:03:34,M29924,Elecrtronics 421,MEXICO CITY,MX,5065,0000 - Unknown,1308122001: Debit Purchase Transaction(International),50088.24,44750.9,PURCHASE,1
T00011590,C000246,2023-06-19 03:36:30,2023-06-19 03:36:35,M69169,Transport 135,SYDNEY,AU,4111,0001 - E-commerce,1308122001: Debit Purchase Transaction(International),18355.77,1668.2,TRANSFER,1
T00011640,C000081,2023-06-19 21:09:26,2023-06-19 21:09:35,M26888,Supermarket 281,SHARM EL SHEIKH,EG,5411,ECOMMERCE,1308272001: Other Transaction(Domestic),6929.89,6730.44,PURCHASE,1
T00011715,C000245,2023-06-21 04:15:38,2023-06-21 04:17:22,M60019,Jewelry 444,AMSTERDAM,NL,5944,0004 - Installment,1308142001: Credit Purchase Transaction(International),802462.29,802462.29,PURCHASE,1
T00011793,C000065,2023-06-22 11:57:56,2023-06-22 11:57:57,M68956,Pharmacy 447,PAVLODAR,KZ,5912,0001 - E-commerce,1308132001: Credit Purchase Transaction(Domestic),153263.85,153263.85,WITHDRAWAL,1
T00011804,C000415,2023-06-22 15:19:52,2023-06-22 15:20:35,M59639,Unknown Merchant,WARSAW,PL,5065,MAGNETIC,1308202001: Balance Inquiry Transaction(International),276485.62,913.99,PURCHASE,1
T00011833,C000280,2023-06-23 03:00:26,2023-06-23 03:00:31,M53506,Pharmacy 659,BUKHARA,UZ,5912,0720 - Contactless - VSDC magstripe,1308242001: Transfer Transaction(International),39893.09,4093.83,PURCHASE,1
T00011893,C000284,2023-06-24 01:32:47,2023-06-24 01:33:44,M15688,ATM Withdrawal,VENICE,IT,6011,ECOMMERCE,1308272001: Other Transaction(Domestic),100.0,98.13,PURCHASE,1
T00011974,C000402,2023-06-25 03:44:05,2023-06-25 03:44:10,M41012,ATM Withdrawal,ATYRAU,KZ,6011,0003 - Recurring,1308112001: Debit Purchase Transaction(Domestic),109745.39,15205.61,TRANSFER,1
T00011982,C000332,2023-06-25 07:12:50,2023-06-25 07:14:33,M32039,Unknown Merchant,TALDYKORGAN,KZ,5944,MAGNETIC,1308272001: Other Transaction(Domestic),120288.66,43089.11,PURCHASE,1
T00012082,C000494,2023-06-27 01:53:46,2023-06-27 01:55:00,M46231,Jewelry 759,AKTAU,KZ,4816,0004 - Installment,1308262001: Bill Payment Transaction(International),9.49,9.49,REFUND,1
T00012147,C000164,2023-06-28 02:15:43,2023-06-28 02:15:48,M64877,Cafe and restaraunts 173,TBILISI,GE,5812,0007 - Other,1308262001: Bill Payment Transaction(International),23801.15,1503.47,PURCHASE,1
T00012175,C000370,2023-06-28 10:01:35,2023-06-28 10:03:17,M60716,Hotel 38,KARAGANDA,KZ,4816,0006 - Cash,1308262001: Bill Payment Transaction(International),88.4,88.4,PURCHASE,1
T00012187,C000360,2023-06-28 13:55:17,2023-06-28 13:55:31,M64246,Online store 103,VANCOUVER,CA,5999,ECOMMERCE,1308202001: Balance Inquiry Transaction(International),13710.21,13363.61,PURCHASE,1
T00012288,C000348,2023-06-30 04:55:29,2023-06-30 04:56:51,M46229,Unknown Merchant,SEMEY,KZ,5065,MAGNETIC,1308192001: Balance Inquiry Transaction(Domestic),241047.05,4482.52,PURCHASE,1
T00012331,C000366,2023-06-30 16:36:21,2023-06-30 16:38:10,M69579,Supermarket 385,KOSTANAY,KZ,5411,1000 - Credential on file,1308132001: Credit Purchase Transaction(Domestic),473580.19,473580.19,TRANSFER,1
T00012365,C000169,2023-07-01 07:22:51,2023-07-01 07:24:37,M90355,Supermarket 555,LYON,FR,5411,ECOMMERCE,1308172001: Cash Withdrawal Transaction(Domestic),8321.5,8211.75,PURCHASE,1
T00012368,C000019,2023-07-01 08:34:42,2023-07-01 08:34:58,M21983,Unknown Merchant,OSH,KG,5944,MAGNETIC,1308162001: Prepaid Purchase Transaction(International),208300.31,9117.22,PURCHASE,1
T00012372,C000426,2023-07-01 11:10:00,2023-07-01 11:11:42,M71994,Supermarket 640,TBILISI,GE,5411,ECOMMERCE,1308192001: Balance Inquiry Transaction(Domestic),5036.55,5015.86,TRANSFER,1
T00012408,C000224,2023-07-01 20:32:42,2023-07-01 20:33:34,M94794,Elecrtronics 478,TARAZ,KZ,4816,0001 - E-commerce,1308272001: Other Transaction(Domestic),82.22,82.22,PURCHASE,1
T00012426,C000357,2023-07-02 00:57:45,2023-07-02 00:58:30,M60312,Cafe and restaraunts 909,GOTHENBURG,SE,5812,ECOMMERCE,1308242001: Transfer Transaction(International),3260.04,3242.33,PURCHASE,1
T00012442,C000234,2023-07-02 06:26:33,2023-07-02 06:28:17,M24226,Unknown Merchant,KOSTANAY,KZ,5065,MAGNETIC,1308132001: Credit Purchase Transaction(Domestic),273119.1,1412.43,PURCHASE,1
T00012618,C000141,2023-07-04 21:31:49,2023-07-04 21:32:12,M80415,Unknown Merchant,SEMEY,KZ,5944,MAGNETIC,1308112001: Debit Purchase Transaction(Domestic),147050.77,26917.64,WITHDRAWAL,1
T00012684,C000003,2023-07-06 01:54:26,2023-07-06 01:56:25,M52861,Unknown Merchant,PAVLODAR,KZ,5065,MAGNETIC,1308152001: Prepaid Purchase Transaction(Domestic),195431.6,861.42,WITHDRAWAL,1
T00012688,C000177,2023-07-06 02:45:03,2023-07-06 02:45:47,M54885,Pharmacy 308,MANCHESTER,GB,5912,ECOMMERCE,1308182001: Cash Withdrawal Transaction(International),2495.51,2429.65,PURCHASE,1
T00012735,C000332,2023-07-06 19:20:19,2023-07-06 19:22:01,M22333,Elecrtronics 748,SINGAPORE,SGP,5065,ECOMMERCE,1308272001: Other Transaction(Domestic),65605.44,65515.17,PURCHASE,1
T00012756,C000198,2023-07-07 01:33:49,2023-07-07 01:35:46,M22136,Digital Service 191,PAVLODAR,KZ,4816,0110 - Swipe,1308142001: Credit Purchase Transaction(International),66006.93,66006.93,PURCHASE,1
T00012776,C000199,2023-07-07 09:10:14,2023-07-07 09:10:46,M62902,Unknown Merchant,ALMATY,KZ,5065,MAGNETIC,1308182001: Cash Withdrawal Transaction(International),223995.59,4753.37,PURCHASE,1
T00012828,C000263,2023-07-08 01:07:26,2023-07-08 01:07:31,M61654,Pharmacy 394,SHYMKENT,KZ,5912,0510 - Contactless - Magstripe,1308132001: Credit Purchase Transaction(Domestic),32021.21,1818.77,PURCHASE,1
T00012829,C000321,2023-07-08 01:34:13,2023-07-08 01:34:18,M76037,Cafe and restaraunts 219,ASTANA,KZ,5812,0003 - Recurring,1308262001: Bill Payment Transaction(International),53883.96,5273.42,PURCHASE,1
T00012884,C000136,2023-07-08 19:39:53,2023-07-08 19:40:13,M53595,Transport 254,AKTAU,KZ,4111,0000 - Unknown,1308182001: Cash Withdrawal Transaction(International),96440.05,96440.05,PURCHASE,1
T00013024,C000482,2023-07-11 01:00:28,2023-07-11 01:00:33,M80560,Hotel 112,SHYMKENT,KZ,7011,0005 - Preauthorized,1308212001: Refund Transaction(Domestic),95498.24,17770.31,PURCHASE,1
T00013062,C000265,2023-07-11 15:32:22,2023-07-11 15:32:57,M56396,Transport 428,TARAZ,KZ,4111,0800 - Contactless - Magstripe,1308112001: Debit Purchase Transaction(Domestic),221698.4,221698.4,PURCHASE,1
T00013065,C000023,2023-07-11 16:30:09,2023-07-11 16:31:40,M54916,Hotel 70,SEMEY,KZ,7011,0001 - E-commerce,1308212001: Refund Transaction(Domestic),311079.19,311079.19,PURCHASE,1
T00013225,C000028,2023-07-14 02:08:11,2023-07-14 02:08:16,M65832,Cafe and restaraunts 266,BERLIN,DE,5812,0002 - Mail/Phone order,1308282001: Other Transaction(International),67176.56,1013.29,PURCHASE,1
T00013289,C000042,2023-07-14 21:31:19,2023-07-14 21:32:43,M22586,Pharmacy 287,SAMARKAND,UZ,5912,ECOMMERCE,1308182001: Cash Withdrawal Transaction(International),100.0,99.88,PURCHASE,1
T00013296,C000431,2023-07-15 00:45:07,2023-07-15 00:45:12,M97133,Hotel 421,MIAMI,US,7011,0006 - Cash,1308232001: Transfer Transaction(Domestic),25784.87,29220.26,PURCHASE,1
T00013390,C000030,2023-07-16 12:13:10,2023-07-16 12:14:56,M72818,Digital Service 221,ISTANBUL,TR,4816,0730 - Contactless - VSDC chip,1308172001: Cash Withdrawal Transaction(Domestic),98.35,98.35,PURCHASE,1
T00013410,C000390,2023-07-16 18:41:07,2023-07-16 18:41:37,M89918,Elecrtronics 420,MUNICH,DE,5065,ECOMMERCE,1308192001: Balance Inquiry Transaction(Domestic),38789.22,37674.48,REFUND,1
T00013426,C000375,2023-07-17 01:02:17,2023-07-17 01:02:57,M71803,Pharmacy 456,SHYMKENT,KZ,4816,0007 - Other,1308162001: Prepaid Purchase Transaction(International),68.8,68.8,WITHDRAWAL,1
T00013437,C000231,2023-07-17 07:24:30,2023-07-17 07:25:26,M47003,Elecrtronics 919,ABU DHABI,AE,5065,ECOMMERCE,1308172001: Cash Withdrawal Transaction(Domestic),26765.53,25970.42,PURCHASE,1
T00013454,C000033,2023-07-17 15:16:00,2023-07-17 15:17:28,M80662,Online store 968,TOKYO,JP,4816,1000 - Credential on file,1308132001: Credit Purchase Transaction(Domestic),60.39,60.39,PURCHASE,1
T00013484,C000191,2023-07-18 02:38:51,2023-07-18 02:39:50,M86269,Jewelry 229,SHYMKENT,KZ,5944,0110 - Swipe,1308232001: Transfer Transaction(Domestic),404673.17,404673.17,PURCHASE,1
T00013636,C000320,2023-07-20 03:49:29,2023-07-20 03:51:28,M54510,Unknown Merchant,MEXICO CITY,MX,5065,MAGNETIC,1308162001: Prepaid Purchase Transaction(International),212120.92,8529.21,PURCHASE,1
T00013669,C000142,2023-07-20 12:54:39,2023-07-20 12:56:01,M38311,Unknown Merchant,PAVLODAR,KZ,5944,MAGNETIC,1308252001: Bill Payment Transaction(Domestic),240091.47,25987.08,WITHDRAWAL,1
T00013744,C000304,2023-07-21 17:09:34,2023-07-21 17:10:55,M35221,Unknown Merchant,AKTAU,KZ,5065,MAGNETIC,1308222001: Refund Transaction(International),111702.92,5413.85,PURCHASE,1
T00013788,C000170,2023-07-22 10:10:58,2023-07-22 10:12:44,M13091,Online store 460,TARAZ,KZ,4816,0730 - Contactless - VSDC chip,1308192001: Balance Inquiry Transaction(Domestic),12.73,12.73,WITHDRAWAL,1
T00013824,C000339,2023-07-22 22:08:59,2023-07-22 22:09:03,M95657,Transport 128,BRASILIA,BR,4111,ECOMMERCE,1308172001: Cash Withdrawal Transaction(Domestic),830.38,828.98,PURCHASE,1
T00013834,C000048,2023-07-23 01:10:50,2023-07-23 01:10:55,M31869,Supermarket 499,SINGAPORE,SGP,5411,0000 - Unknown,1308112001: Debit Purchase Transaction(Domestic),67774.07,9616.52,PURCHASE,1
T00013845,C000145,2023-07-23 05:45:27,2023-07-23 05:46:06,M60094,Jewelry 518,ASTANA,KZ,5944,0008 - Not used,1308182001: Cash Withdrawal Transaction(International),124178.02,124178.02,PURCHASE,1
T00014069,C000266,2023-07-26 12:37:22,2023-07-26 12:39:03,M68820,Unknown Merchant,KOSTANAY,KZ,5065,MAGNETIC,1308192001: Balance Inquiry Transaction(Domestic),125764.95,96289.35,WITHDRAWAL,1
T00014304,C000458,2023-07-30 01:09:16,2023-07-30 01:10:14,M16333,Digital Service 165,TARAZ,KZ,4816,0005 - Preauthorized,1308162001: Prepaid Purchase Transaction(International),6.9,6.9,PURCHASE,1
T00014347,C000073,2023-07-30 18:03:23,2023-07-30 18:05:03,M65835,Online store 687,SHYMKENT,KZ,5999,0007 - Other,1308122001: Debit Purchase Transaction(International),75854.04,75854.04,PURCHASE,1
T00014383,C000478,2023-07-31 04:54:32,2023-07-31 04:54:56,M53421,Supermarket 277,PAVLODAR,KZ,5411,0007 - Other,1308192001: Balance Inquiry Transaction(Domestic),80836.95,80836.95,PURCHASE,1
T00014695,C000040,2023-08-05 00:27:53,2023-08-05 00:28:30,M63822,Unknown Merchant,MADRID,ES,5944,MAGNETIC,1308142001: Credit Purchase Transaction(International),106857.98,63390.62,PURCHASE,1
T00014772,C000161,2023-08-06 05:03:47,2023-08-06 05:04:19,M53273,Unknown Merchant,CANCUN,MX,5065,MAGNETIC,1308232001: Transfer Transaction(Domestic),236549.86,61027.42,PURCHASE,1
T00014822,C000290,2023-08-07 03:00:09,2023-08-07 03:00:14,M39625,Supermarket 815,TALDYKORGAN,KZ,5411,0510 - Contactless - Magstripe,1308282001: Other Transaction(International),75410.13,7492.8,PURCHASE,1
T00014852,C000307,2023-08-07 10:43:57,2023-08-07 10:44:06,M58909,Online store 125,AKTAU,KZ,5999,0004 - Installment,1308202001: Balance Inquiry Transaction(International),132572.78,132572.78,PURCHASE,1
T00014915,C000042,2023-08-08 05:28:53,2023-08-08 05:30:22,M96208,Unknown Merchant,ALMATY,KZ,5065,MAGNETIC,1308182001: Cash Withdrawal Transaction(International),273564.99,2782.74,PURCHASE,1
T00014994,C000489,2023-08-09 09:29:51,2023-08-09 09:31:21,M45501,Cafe and restaraunts 859,VANCOUVER,CA,5812,ECOMMERCE,1308212001: Refund Transaction(Domestic),5663.66,5578.55,PURCHASE,1
T00015101,C000128,2023-08-11 01:40:56,2023-08-11 01:41:26,M47939,Unknown Merchant,TARAZ,KZ,5944,MAGNETIC,1308242001: Transfer Transaction(International),274199.25,3405.41,PURCHASE,1
T00015129,C000276,2023-08-11 10:22:35,2023-08-11 10:23:37,M46133,Unknown Merchant,AKTAU,KZ,5065,MAGNETIC,1308152001: Prepaid Purchase Transaction(Domestic),267116.47,67263.71,PURCHASE,1
T00015172,C000350,2023-08-12 02:17:03,2023-08-12 02:17:11,M30838,Transport 516,TOKYO,JP,4111,ECOMMERCE,1308152001: Prepaid Purchase Transaction(Domestic),1362.22,1358.21,PURCHASE,1
T00015173,C000279,2023-08-12 02:21:36,2023-08-12 02:23:25,M31356,Supermarket 567,ATYRAU,KZ,5411,0720 - Contactless - VSDC magstripe,1308162001: Prepaid Purchase Transaction(International),365925.4,365925.4,PURCHASE,1
T00015175,C000090,2023-08-12 02:40:25,2023-08-12 02:40:30,M65792,Online store 374,ASTANA,KZ,5999,0002 - Mail/Phone order,1308272001: Other Transaction(Domestic),36566.21,4765.88,PURCHASE,1
T00015199,C000248,2023-08-12 11:53:24,2023-08-12 11:53:42,M34496,Online store 939,AKTAU,KZ,5999,0006 - Cash,1308242001: Transfer Transaction(International),339368.17,339368.17,PURCHASE,1
T00015208,C000433,2023-08-12 16:03:12,2023-08-12 16:04:54,M72729,ATM Withdrawal,KOSTANAY,KZ,4816,0510 - Contactless - Magstripe,1308212001: Refund Transaction(Domestic),71.95,71.95,PURCHASE,1
T00015285,C000441,2023-08-13 13:07:26,2023-08-13 13:08:16,M43344,ATM Withdrawal,KOSTANAY,KZ,4816,0110 - Swipe,1308112001: Debit Purchase Transaction(Domestic),92.17,92.17,PURCHASE,1
T00015364,C000061,2023-08-14 16:12:14,2023-08-14 16:13:09,M12131,Hotel 708,TALDYKORGAN,KZ,4816,0800 - Contactless - Magstripe,1308252001: Bill Payment Transaction(Domestic),45.34,45.34,PURCHASE,1
T00015388,C000257,2023-08-15 00:38:39,2023-08-15 00:38:44,M14097,Online store 533,PAVLODAR,KZ,5999,0710 - Contactless - VSDC chip,1308192001: Balance Inquiry Transaction(Domestic),52030.78,1943.96,PURCHASE,1
T00015428,C000220,2023-08-15 13:15:05,2023-08-15 13:15:36,M66967,Digital Service 825,BANGKOK,TH,4816,ECOMMERCE,1308182001: Cash Withdrawal Transaction(International),11298.91,11139.55,PURCHASE,1
T00015449,C000146,2023-08-15 19:30:35,2023-08-15 19:32:24,M50324,Transport 691,PAVLODAR,KZ,4111,0006 - Cash,1308182001: Cash Withdrawal Transaction(International),133660.33,133660.33,PURCHASE,1
T00015472,C000375,2023-08-16 02:44:13,2023-08-16 02:46:02,M89782,Online store 724,ABU DHABI,AE,5999,ECOMMERCE,1308162001: Prepaid Purchase Transaction(International),22277.56,21755.43,PURCHASE,1
T00015519,C000365,2023-08-16 22:07:44,2023-08-16 22:09:28,M74468,Unknown Merchant,KARAGANDA,KZ,5065,MAGNETIC,1308162001: Prepaid Purchase Transaction(International),80036.42,3829.32,REFUND,1
T00015620,C000100,2023-08-18 06:26:22,2023-08-18 06:27:52,M61737,Online store 665,KUALA LUMPUR,MY,4816,0120 - Keyin,1308112001: Debit Purchase Transaction(Domestic),9.98,9.98,PURCHASE,1
T00015625,C000491,2023-08-18 07:43:32,2023-08-18 07:44:14,M47407,Digital Service 481,ALMATY,KZ,4816,0006 - Cash,1308122001: Debit Purchase Transaction(International),542683.24,542683.24,TRANSFER,1
T00015642,C000112,2023-08-18 10:38:53,2023-08-18 10:38:56,M36839,Jewelry 208,PAVLODAR,KZ,4816,1000 - Credential on file,1308212001: Refund Transaction(Domestic),87.97,87.97,WITHDRAWAL,1
T00015643,C000019,2023-08-18 10:50:05,2023-08-18 10:51:20,M27560,ATM Withdrawal,ANTALYA,TR,4816,0000 - Unknown,1308162001: Prepaid Purchase Transaction(International),60.9,60.9,PURCHASE,1
T00015644,C000220,2023-08-18 10:59:10,2023-08-18 11:00:08,M62196,Unknown Merchant,SHYMKENT,KZ,5065,MAGNETIC,1308182001: Cash Withdrawal Transaction(International),199458.16,48403.64,PURCHASE,1
T00015662,C000173,2023-08-18 17:50:58,2023-08-18 17:52:45,M27103,Transport 550,ATYRAU,KZ,4816,0110 - Swipe,1308222001: Refund Transaction(International),4.8,4.8,PURCHASE,1
T00015697,C000465,2023-08-19 02:45:05,2023-08-19 02:45:10,M45031,Online store 893,ANKARA,TR,5999,0110 - Swipe,1308182001: Cash Withdrawal Transaction(International),10212.64,17159.12,PURCHASE,1
T00015711,C000128,2023-08-19 07:17:24,2023-08-19 07:17:51,M47813,ATM Withdrawal,MONTREAL,CA,6011,ECOMMERCE,1308242001: Transfer Transaction(International),100.0,98.7,PURCHASE,1
T00015739,C000320,2023-08-19 17:13:47,2023-08-19 17:13:54,M31131,Supermarket 562,SINGAPORE,SGP,5411,ECOMMERCE,1308162001: Prepaid Purchase Transaction(International),10822.46,10596.95,WITHDRAWAL,1
T00015796,C000358,2023-08-20 12:18:41,2023-08-20 12:19:24,M98908,ATM Withdrawal,TORONTO,CA,6011,0006 - Cash,1308172001: Cash Withdrawal Transaction(Domestic),282921.49,282921.49,PURCHASE,1
T00015886,C000433,2023-08-21 20:08:57,2023-08-21 20:09:32,M43078,Jewelry 518,SEMEY,KZ,4816,0110 - Swipe,1308212001: Refund Transaction(Domestic),92.85,92.85,PURCHASE,1
T00015905,C000498,2023-08-22 02:28:46,2023-08-22 02:28:51,M45937,Transport 589,ATYRAU,KZ,4111,1000 - Credential on file,1308192001: Balance Inquiry Transaction(Domestic),24386.41,1077.02,WITHDRAWAL,1
T00015908,C000228,2023-08-22 03:18:28,2023-08-22 03:19:23,M26892,Unknown Merchant,OSAKA,JP,5065,MAGNETIC,1308142001: Credit Purchase Transaction(International),272642.07,29843.22,PURCHASE,1
T00015993,C000357,2023-08-23 08:56:22,2023-08-23 08:56:58,M64511,Hotel 426,SEOUL,KR,7011,0000 - Unknown,1308242001: Transfer Transaction(International),81318.18,81318.18,PURCHASE,1
T00016047,C000360,2023-08-24 04:08:56,2023-08-24 04:09:35,M40421,Digital Service 138,PAVLODAR,KZ,4816,0110 - Swipe,1308202001: Balance Inquiry Transaction(International),201249.53,201249.53,PURCHASE,1
T00016135,C000272,2023-08-25 14:18:53,2023-08-25 14:20:20,M30649,Cafe and restaraunts 950,LYON,FR,5812,ECOMMERCE,1308192001: Balance Inquiry Transaction(Domestic),5377.33,5239.58,PURCHASE,1
T00016277,C000189,2023-08-27 13:15:39,2023-08-27 13:15:57,M78978,Online store 417,ANKARA,TR,4816,0000 - Unknown,1308252001: Bill Payment Transaction(Domestic),73.69,73.69,PURCHASE,1
T00016314,C000490,2023-08-27 23:10:34,2023-08-27 23:10:49,M84374,Unknown Merchant,OSH,KG,5065,MAGNETIC,1308142001: Credit Purchase Transaction(International),219649.69,3582.9,WITHDRAWAL,1
T00016326,C000317,2023-08-28 02:04:50,2023-08-28 02:06:29,M19493,Unknown Merchant,ROTTERDAM,NL,5065,MAGNETIC,1308202001: Balance Inquiry Transaction(International),166382.58,651.44,PURCHASE,1
T00016381,C000059,2023-08-28 19:38:32,2023-08-28 19:39:05,M35173,Pharmacy 513,BARCELONA,ES,5912,ECOMMERCE,1308162001: Prepaid Purchase Transaction(International),2719.33,2667.33,PURCHASE,1
T00016479,C000026,2023-08-30 07:52:30,2023-08-30 07:53:08,M94163,Digital Service 350,BANGKOK,TH,4816,0510 - Contactless - Magstripe,1308212001: Refund Transaction(Domestic),46.65,46.65,PURCHASE,1
T00016601,C000157,2023-09-01 01:24:43,2023-09-01 01:25:23,M72633,Elecrtronics 544,SHYMKENT,KZ,5065,0730 - Contactless - VSDC chip,1308172001: Cash Withdrawal Transaction(Domestic),171581.98,171581.98,PURCHASE,1
T00016708,C000026,2023-09-02 17:39:10,2023-09-02 17:40:19,M87520,Unknown Merchant,KARAGANDA,KZ,5944,MAGNETIC,1308212001: Refund Transaction(Domestic),109328.9,5896.02,PURCHASE,1
T00016737,C000104,2023-09-03 05:34:18,2023-09-03 05:36:09,M20510,Unknown Merchant,ABU DHABI,AE,5065,MAGNETIC,1308162001: Prepaid Purchase Transaction(International),133780.44,39788.5,PURCHASE,1
T00016769,C000220,2023-09-03 18:01:08,2023-09-03 18:02:35,M86220,Supermarket 151,BARCELONA,ES,5411,0110 - Swipe,1308182001: Cash Withdrawal Transaction(International),120710.82,120710.82,PURCHASE,1
T00016818,C000264,2023-09-04 11:27:29,2023-09-04 11:27:58,M53700,Hotel 396,MOSCOW,RU,7011,0007 - Other,1308112001: Debit Purchase Transaction(Domestic),113912.36,113912.36,PURCHASE,1
T00016844,C000320,2023-09-04 23:52:04,2023-09-04 23:53:02,M30189,Cafe and restaraunts 486,MARSEILLE,FR,5812,ECOMMERCE,1308162001: Prepaid Purchase Transaction(International),1159.85,1152.69,PURCHASE,1
T00016856,C000323,2023-09-05 04:28:50,2023-09-05 04:28:55,M37734,Elecrtronics 470,KARAGANDA,KZ,5065,0510 - Contactless - Magstripe,1308262001: Bill Payment Transaction(International),98358.51,36645.16,PURCHASE,1
T00016890,C000458,2023-09-05 18:48:20,2023-09-05 18:48:22,M26560,Supermarket 976,SEMEY,KZ,4816,0005 - Preauthorized,1308162001: Prepaid Purchase Transaction(International),37.81,37.81,PURCHASE,1
T00016920,C000402,2023-09-06 02:25:40,2023-09-06 02:26:39,M62116,Supermarket 273,KARAGANDA,KZ,4816,0720 - Contactless - VSDC magstripe,1308112001: Debit Purchase Transaction(Domestic),82.19,82.19,PURCHASE,1
T00016922,C000216,2023-09-06 03:07:42,2023-09-06 03:09:38,M62292,Elecrtronics 209,OSH,KG,5065,ECOMMERCE,1308212001: Refund Transaction(Domestic),80832.53,79122.87,PURCHASE,1
T00017121,C000267,2023-09-09 04:44:18,2023-09-09 04:44:23,M27692,Transport 328,OSAKA,JP,4111,0120 - Keyin,1308122001: Debit Purchase Transaction(International),102139.72,402.55,PURCHASE,1
T00017298,C000493,2023-09-12 00:28:34,2023-09-12 00:28:39,M34600,Hotel 598,ATYRAU,KZ,7011,0004 - Installment,1308282001: Other Transaction(International),37185.38,98.65,PURCHASE,1
T00017303,C000447,2023-09-12 02:20:09,2023-09-12 02:21:30,M72229,Unknown Merchant,SHANGHAI,CN,5065,MAGNETIC,1308142001: Credit Purchase Transaction(International),120199.58,31285.47,PURCHASE,1
T00017379,C000347,2023-09-13 01:45:11,2023-09-13 01:45:16,M59037,Jewelry 947,VANCOUVER,CA,5944,0000 - Unknown,1308122001: Debit Purchase Transaction(International),19166.84,97.91,PURCHASE,1
T00017425,C000247,2023-09-13 16:11:37,2023-09-13 16:12:04,M36693,Unknown Merchant,SHYMKENT,KZ,5944,MAGNETIC,1308192001: Balance Inquiry Transaction(Domestic),232632.36,1194.45,PURCHASE,1
T00017464,C000111,2023-09-14 04:53:44,2023-09-14 04:54:09,M75703,Digital Service 379,CAIRO,EG,4816,ECOMMERCE,1308112001: Debit Purchase Transaction(Domestic),8117.82,8013.41,PURCHASE,1
T00017487,C000134,2023-09-14 11:44:20,2023-09-14 11:45:19,M32594,Transport 864,ASTANA,KZ,4111,0006 - Cash,1308282001: Other Transaction(International),193461.82,193461.82,PURCHASE,1
T00017509,C000348,2023-09-14 20:13:49,2023-09-14 20:14:09,M91198,Online store 457,DELHI,IN,4816,0120 - Keyin,1308192001: Balance Inquiry Transaction(Domestic),61.97,61.97,PURCHASE,1
T00017567,C000082,2023-09-15 17:44:36,2023-09-15 17:46:05,M87383,Elecrtronics 490,ASTANA,KZ,4816,0720 - Contactless - VSDC magstripe,1308112001: Debit Purchase Transaction(Domestic),1.48,1.48,PURCHASE,1
T00017617,C000044,2023-09-16 09:45:50,2023-09-16 09:47:01,M24985,Hotel 193,TALDYKORGAN,KZ,4816,0730 - Contactless - VSDC chip,1308162001: Prepaid Purchase Transaction(International),60.3,60.3,PURCHASE,1
T00017639,C000477,2023-09-16 16:27:17,2023-09-16 16:28:54,M26729,Jewelry 592,KUALA LUMPUR,MY,5944,ECOMMERCE,1308232001: Transfer Transaction(Domestic),85350.49,84633.91,PURCHASE,1
T00017703,C000284,2023-09-17 10:57:53,2023-09-17 10:58:27,M24643,Digital Service 171,TALDYKORGAN,KZ,4816,0006 - Cash,1308272001: Other Transaction(Domestic),274177.94,274177.94,PURCHASE,1
T00017766,C000100,2023-09-18 08:32:31,2023-09-18 08:33:40,M49248,Unknown Merchant,DELHI,IN,5065,MAGNETIC,1308112001: Debit Purchase Transaction(Domestic),143362.78,586.31,PURCHASE,1
T00017801,C000029,2023-09-19 00:57:41,2023-09-19 00:57:46,M38213,Transport 735,BRASILIA,BR,4111,0003 - Recurring,1308122001: Debit Purchase Transaction(International),53721.01,2081.21,PURCHASE,1
T00017803,C000114,2023-09-19 01:21:29,2023-09-19 01:21:34,M36001,Elecrtronics 983,EDINBURGH,GB,5065,0710 - Contactless - VSDC chip,1308152001: Prepaid Purchase Transaction(Domestic),23754.8,66348.7,PURCHASE,1
T00017925,C000209,2023-09-20 20:10:40,2023-09-20 20:11:28,M45884,Online store 163,KARAGANDA,KZ,4816,0800 - Contactless - Magstripe,1308272001: Other Transaction(Domestic),71.4,71.4,REFUND,1
T00017933,C000412,2023-09-20 21:14:10,2023-09-20 21:16:09,M21210,Supermarket 465,KOSTANAY,KZ,4816,0005 - Preauthorized,1308192001: Balance Inquiry Transaction(Domestic),53.2,53.2,PURCHASE,1
T00017999,C000317,2023-09-21 19:05:10,2023-09-21 19:06:46,M73509,Cafe and restaraunts 956,ATYRAU,KZ,5812,0730 - Contactless - VSDC chip,1308202001: Balance Inquiry Transaction(International),259035.7,259035.7,TRANSFER,1
T00018056,C000229,2023-09-22 19:27:22,2023-09-22 19:29:06,M47740,Online store 359,SAMARKAND,UZ,5999,0800 - Contactless - Magstripe,1308172001: Cash Withdrawal Transaction(Domestic),90745.01,90745.01,PURCHASE,1
T00018207,C000024,2023-09-25 00:09:54,2023-09-25 00:09:59,M87446,Jewelry 80,SAMARKAND,UZ,5944,0730 - Contactless - VSDC chip,1308192001: Balance Inquiry Transaction(Domestic),46544.72,75828.71,PURCHASE,1
T00018209,C000427,2023-09-25 00:53:48,2023-09-25 00:55:41,M33290,Pharmacy 508,SHYMKENT,KZ,4816,0720 - Contactless - VSDC magstripe,1308262001: Bill Payment Transaction(International),32.14,32.14,REFUND,1
T00018243,C000334,2023-09-25 13:11:35,2023-09-25 13:13:00,M39652,Unknown Merchant,BUKHARA,UZ,5065,MAGNETIC,1308132001: Credit Purchase Transaction(Domestic),170018.63,3401.54,PURCHASE,1
T00018330,C000215,2023-09-26 15:52:40,2023-09-26 15:53:45,M80162,Cafe and restaraunts 439,WARSAW,PL,5812,ECOMMERCE,1308172001: Cash Withdrawal Transaction(Domestic),100.0,99.81,PURCHASE,1
T00018356,C000362,2023-09-27 01:03:23,2023-09-27 01:03:28,M74072,Cafe and restaraunts 649,PAVLODAR,KZ,5812,0006 - Cash,1308152001: Prepaid Purchase Transaction(Domestic),88742.98,1590.82,PURCHASE,1
T00018362,C000494,2023-09-27 03:00:10,2023-09-27 03:00:15,M82186,Hotel 268,ASTANA,KZ,7011,0001 - E-commerce,1308262001: Bill Payment Transaction(International),84974.64,7924.84,PURCHASE,1
T00018444,C000305,2023-09-28 11:17:04,2023-09-28 11:18:12,M39591,Unknown Merchant,ABU DHABI,AE,5944,MAGNETIC,1308182001: Cash Withdrawal Transaction(International),218912.99,14186.93,WITHDRAWAL,1
T00018485,C000159,2023-09-29 00:20:19,2023-09-29 00:20:29,M74134,Digital Service 966,CANCUN,MX,4816,ECOMMERCE,1308152001: Prepaid Purchase Transaction(Domestic),9783.96,9624.14,PURCHASE,1
T00018499,C000171,2023-09-29 04:34:22,2023-09-29 04:35:58,M72617,Hotel 821,PAVLODAR,KZ,4816,0001 - E-commerce,1308262001: Bill Payment Transaction(International),23.21,23.21,PURCHASE,1
T00018617,C000338,2023-09-30 18:31:47,2023-09-30 18:33:28,M78746,Online store 184,SAN FRANCISCO,US,5999,ECOMMERCE,1308122001: Debit Purchase Transaction(International),100.0,99.43,PURCHASE,1
T00018666,C000165,2023-10-01 10:23:08,2023-10-01 10:24:20,M61263,Jewelry 516,ALMATY,KZ,4816,0120 - Keyin,1308282001: Other Transaction(International),1.75,1.75,REFUND,1
T00018695,C000476,2023-10-01 21:20:51,2023-10-01 21:21:02,M77634,Pharmacy 429,ATYRAU,KZ,5912,0000 - Unknown,1308242001: Transfer Transaction(International),160434.94,160434.94,TRANSFER,1
T00018708,C000001,2023-10-02 02:28:34,2023-10-02 02:29:00,M53856,Hotel 572,SAO PAULO,BR,7011,0001 - E-commerce,1308122001: Debit Purchase Transaction(International),153398.19,153398.19,PURCHASE,1
T00018714,C000055,2023-10-02 04:53:39,2023-10-02 04:54:45,M22563,Cafe and restaraunts 696,ASTANA,KZ,4816,0002 - Mail/Phone order,1308222001: Refund Transaction(International),43.88,43.88,PURCHASE,1
T00018720,C000217,2023-10-02 08:30:25,2023-10-02 08:31:23,M33585,Supermarket 160,ATYRAU,KZ,5411,0510 - Contactless - Magstripe,1308212001: Refund Transaction(Domestic),308391.22,308391.22,WITHDRAWAL,1
T00018731,C000041,2023-10-02 12:03:14,2023-10-02 12:04:37,M96734,Supermarket 778,TOKYO,JP,4816,0120 - Keyin,1308202001: Balance Inquiry Transaction(International),50.13,50.13,PURCHASE,1
T00018956,C000399,2023-10-05 13:24:52,2023-10-05 13:25:11,M92947,Jewelry 829,LONDON,GB,5944,0510 - Contactless - Magstripe,1308132001: Credit Purchase Transaction(Domestic),306710.61,306710.61,PURCHASE,1
T00018958,C000310,2023-10-05 13:55:54,2023-10-05 13:57:06,M68405,Transport 120,SEMEY,KZ,4111,0003 - Recurring,1308152001: Prepaid Purchase Transaction(Domestic),477516.55,477516.55,PURCHASE,1
T00019184,C000191,2023-10-08 18:21:48,2023-10-08 18:22:57,M31328,Online store 666,ASTANA,KZ,5999,0005 - Preauthorized,1308232001: Transfer Transaction(Domestic),414893.31,414893.31,PURCHASE,1
T00019196,C000461,2023-10-09 02:00:57,2023-10-09 02:01:02,M88965,Jewelry 286,SINGAPORE,SGP,5944,0120 - Keyin,1308182001: Cash Withdrawal Transaction(International),79037.49,44991.35,PURCHASE,1
T00019211,C000341,2023-10-09 04:34:01,2023-10-09 04:34:06,M75631,Hotel 487,PAVLODAR,KZ,7011,0000 - Unknown,1308142001: Credit Purchase Transaction(International),13865.99,2601.44,PURCHASE,1
T00019301,C000114,2023-10-10 17:08:22,2023-10-10 17:09:15,M94303,Unknown Merchant,DUBAI,AE,5065,MAGNETIC,1308152001: Prepaid Purchase Transaction(Domestic),279764.32,6975.09,PURCHASE,1
T00019387,C000176,2023-10-12 01:07:06,2023-10-12 01:08:44,M12709,ATM Withdrawal,SYDNEY,AU,6011,ECOMMERCE,1308172001: Cash Withdrawal Transaction(Domestic),27391.97,26650.06,PURCHASE,1
T00019446,C000086,2023-10-12 23:02:27,2023-10-12 23:02:33,M91099,Unknown Merchant,ZURICH,CH,5944,MAGNETIC,1308212001: Refund Transaction(Domestic),104784.89,25833.06,PURCHASE,1
T00019558,C000191,2023-10-14 15:57:02,2023-10-14 15:58:59,M89786,Unknown Merchant,ASTANA,KZ,5944,MAGNETIC,1308232001: Transfer Transaction(Domestic),241240.8,40631.04,PURCHASE,1
T00019566,C000416,2023-10-14 18:58:03,2023-10-14 18:58:16,M61333,Online store 627,ANKARA,TR,5999,0720 - Contactless - VSDC magstripe,1308202001: Balance Inquiry Transaction(International),279165.75,279165.75,PURCHASE,1
T00019625,C000383,2023-10-15 14:36:17,2023-10-15 14:38:09,M12670,Unknown Merchant,TALDYKORGAN,KZ,5065,MAGNETIC,1308172001: Cash Withdrawal Transaction(Domestic),284240.61,3033.29,WITHDRAWAL,1
T00019645,C000236,2023-10-15 20:43:44,2023-10-15 20:45:31,M80208,Supermarket 651,ALMATY,KZ,4816,0005 - Preauthorized,1308132001: Credit Purchase Transaction(Domestic),69.76,69.76,PURCHASE,1
T00019654,C000423,2023-10-15 23:50:49,2023-10-15 23:50:52,M16452,Supermarket 349,BISHKEK,KG,4816,0004 - Installment,1308252001: Bill Payment Transaction(Domestic),93.12,93.12,WITHDRAWAL,1
T00019683,C000153,2023-10-16 07:25:37,2023-10-16 07:26:05,M38038,Cafe and restaraunts 772,ATYRAU,KZ,4816,0008 - Not used,1308132001: Credit Purchase Transaction(Domestic),40.53,40.53,PURCHASE,1
T00019704,C000107,2023-10-16 12:34:26,2023-10-16 12:36:18,M16578,Online store 427,SYDNEY,AU,5999,ECOMMERCE,1308282001: Other Transaction(International),9410.98,9218.02,PURCHASE,1
T00019733,C000230,2023-10-16 19:40:26,2023-10-16 19:40:35,M98045,Online store 201,PAVLODAR,KZ,4816,0120 - Keyin,1308172001: Cash Withdrawal Transaction(Domestic),79.87,79.87,WITHDRAWAL,1
T00019745,C000105,2023-10-17 02:47:40,2023-10-17 02:47:45,M80186,Digital Service 674,PHUKET,TH,4816,0720 - Contactless - VSDC magstripe,1308172001: Cash Withdrawal Transaction(Domestic),44556.11,8382.26,REFUND,1
T00019854,C000457,2023-10-18 15:22:29,2023-10-18 15:24:05,M94902,Pharmacy 69,TALDYKORGAN,KZ,4816,0510 - Contactless - Magstripe,1308162001: Prepaid Purchase Transaction(International),17.05,17.05,PURCHASE,1
T00019880,C000334,2023-10-19 00:05:29,2023-10-19 00:06:19,M59998,Jewelry 652,TARAZ,KZ,4816,0730 - Contactless - VSDC chip,1308132001: Credit Purchase Transaction(Domestic),49.89,49.89,PURCHASE,1
T00020176,C000095,2023-10-22 19:29:11,2023-10-22 19:30:29,M27336,Online store 460,SINGAPORE,SGP,5999,ECOMMERCE,1308132001: Credit Purchase Transaction(Domestic),10259.26,10256.5,PURCHASE,1
T00020178,C000486,2023-10-22 20:08:26,2023-10-22 20:08:51,M43267,ATM Withdrawal,ATYRAU,KZ,6011,0002 - Mail/Phone order,1308282001: Other Transaction(International),174210.57,174210.57,PURCHASE,1
T00020273,C000328,2023-10-24 06:48:08,2023-10-24 06:49:58,M76796,Online store 7,SEMEY,KZ,5999,0004 - Installment,1308242001: Transfer Transaction(International),162330.19,162330.19,PURCHASE,1
T00020336,C000461,2023-10-25 01:20:39,2023-10-25 01:22:13,M45042,Supermarket 493,ANTALYA,TR,5411,1000 - Credential on file,1308182001: Cash Withdrawal Transaction(International),308767.54,308767.54,PURCHASE,1
T00020337,C000070,2023-10-25 01:28:29,2023-10-25 01:29:05,M96693,Jewelry 870,TARAZ,KZ,5944,0720 - Contactless - VSDC magstripe,1308132001: Credit Purchase Transaction(Domestic),82245.34,82245.34,WITHDRAWAL,1
T00020421,C000474,2023-10-26 03:52:18,2023-10-26 03:53:23,M15097,Pharmacy 537,TARAZ,KZ,4816,0710 - Contactless - VSDC chip,1308162001: Prepaid Purchase Transaction(International),47.28,47.28,PURCHASE,1
T00020556,C000099,2023-10-28 01:14:41,2023-10-28 01:14:46,M40104,Cafe and restaraunts 933,BARCELONA,ES,5812,0120 - Keyin,1308232001: Transfer Transaction(Domestic),42583.84,2196.53,WITHDRAWAL,1
T00020559,C000318,2023-10-28 02:35:43,2023-10-28 02:35:48,M61288,Elecrtronics 694,TALDYKORGAN,KZ,5065,1000 - Credential on file,1308242001: Transfer Transaction(International),55534.16,51826.58,PURCHASE,1
T00020601,C000221,2023-10-28 15:54:41,2023-10-28 15:55:45,M11942,Pharmacy 450,MUNICH,DE,5912,ECOMMERCE,1308112001: Debit Purchase Transaction(Domestic),5041.41,5035.33,REFUND,1
T00020713,C000358,2023-10-30 08:30:38,2023-10-30 08:32:09,M51877,Online store 630,PAVLODAR,KZ,4816,0004 - Installment,1308172001: Cash Withdrawal Transaction(Domestic),90.68,90.68,PURCHASE,1
T00020746,C000293,2023-10-30 20:49:38,2023-10-30 20:51:16,M73598,Cafe and restaraunts 451,ALMATY,KZ,5812,0720 - Contactless - VSDC magstripe,1308182001: Cash Withdrawal Transaction(International),584781.09,584781.09,PURCHASE,1
T00020769,C000269,2023-10-31 03:46:18,2023-10-31 03:46:23,M88187,Jewelry 858,KARAGANDA,KZ,5944,0002 - Mail/Phone order,1308152001: Prepaid Purchase Transaction(Domestic),52169.95,49155.11,PURCHASE,1
T00020848,C000235,2023-11-01 04:34:18,2023-11-01 04:34:23,M11679,Online store 936,AKTAU,KZ,5999,0730 - Contactless - VSDC chip,1308162001: Prepaid Purchase Transaction(International),47112.02,15334.94,PURCHASE,1
T00020944,C000365,2023-11-02 14:19:23,2023-11-02 14:21:09,M52646,Transport 690,ATYRAU,KZ,4816,0000 - Unknown,1308162001: Prepaid Purchase Transaction(International),56.79,56.79,REFUND,1
T00020965,C000362,2023-11-03 01:14:15,2023-11-03 01:14:20,M74216,Pharmacy 399,SEMEY,KZ,5912,0120 - Keyin,1308152001: Prepaid Purchase Transaction(Domestic),58005.69,2973.21,PURCHASE,1
T00021009,C000065,2023-11-03 20:56:30,2023-11-03 20:57:54,M92521,Elecrtronics 108,ZURICH,CH,4816,0000 - Unknown,1308132001: Credit Purchase Transaction(Domestic),33.82,33.82,WITHDRAWAL,1
T00021027,C000448,2023-11-04 03:07:25,2023-11-04 03:07:30,M93459,Pharmacy 901,ALMATY,KZ,5912,1000 - Credential on file,1308272001: Other Transaction(Domestic),66069.66,3864.76,PURCHASE,1
T00021097,C000348,2023-11-05 01:57:56,2023-11-05 01:58:01,M25733,Transport 529,ATYRAU,KZ,4111,0800 - Contactless - Magstripe,1308192001: Balance Inquiry Transaction(Domestic),99214.4,601.38,PURCHASE,1
T00021241,C000462,2023-11-07 04:33:53,2023-11-07 04:33:58,M76687,Transport 91,TARAZ,KZ,4111,1000 - Credential on file,1308192001: Balance Inquiry Transaction(Domestic),30443.4,1670.03,PURCHASE,1
T00021360,C000065,2023-11-08 20:46:03,2023-11-08 20:47:14,M61646,Elecrtronics 906,SHYMKENT,KZ,4816,0000 - Unknown,1308132001: Credit Purchase Transaction(Domestic),82.29,82.29,PURCHASE,1
T00021373,C000486,2023-11-09 01:27:42,2023-11-09 01:28:39,M41937,Pharmacy 105,BISHKEK,KG,5912,0000 - Unknown,1308282001: Other Transaction(International),55706.72,55706.72,PURCHASE,1
T00021381,C000442,2023-11-09 06:04:13,2023-11-09 06:05:56,M90963,Hotel 879,VENICE,IT,7011,0003 - Recurring,1308242001: Transfer Transaction(International),96831.19,96831.19,PURCHASE,1
T00021584,C000205,2023-11-12 07:53:50,2023-11-12 07:54:31,M30553,Pharmacy 16,KOSTANAY,KZ,4816,0730 - Contactless - VSDC chip,1308282001: Other Transaction(International),98.7,98.7,PURCHASE,1
T00021587,C000179,2023-11-12 09:34:49,2023-11-12 09:35:22,M63320,Pharmacy 73,SINGAPORE,SGP,5912,ECOMMERCE,1308122001: Debit Purchase Transaction(International),1914.39,1912.0,PURCHASE,1
T00021625,C000497,2023-11-12 22:23:10,2023-11-12 22:24:55,M56436,Unknown Merchant,PAVLODAR,KZ,5065,MAGNETIC,1308282001: Other Transaction(International),103928.73,99.93,WITHDRAWAL,1
T00021636,C000452,2023-11-13 00:46:35,2023-11-13 00:48:08,M42965,Unknown Merchant,OSH,KG,5944,MAGNETIC,1308222001: Refund Transaction(International),256140.58,1786.45,PURCHASE,1
T00021645,C000465,2023-11-13 03:08:16,2023-11-13 03:10:14,M60086,Supermarket 504,SHARM EL SHEIKH,EG,4816,0800 - Contactless - Magstripe,1308182001: Cash Withdrawal Transaction(International),48.72,48.72,PURCHASE,1
T00021661,C000013,2023-11-13 08:04:47,2023-11-13 08:06:46,M21566,Unknown Merchant,KARAGANDA,KZ,5944,MAGNETIC,1308192001: Balance Inquiry Transaction(Domestic),89762.76,3180.81,PURCHASE,1
T00021744,C000494,2023-11-14 15:03:51,2023-11-14 15:05:19,M92603,Transport 15,SHYMKENT,KZ,4816,0005 - Preauthorized,1308262001: Bill Payment Transaction(International),82.51,82.51,PURCHASE,1
T00021819,C000378,2023-11-15 13:03:31,2023-11-15 13:04:33,M11441,Cafe and restaraunts 121,VANCOUVER,CA,5812,ECOMMERCE,1308202001: Balance Inquiry Transaction(International),1607.19,1588.27,REFUND,1
T00021857,C000475,2023-11-16 07:39:51,2023-11-16 07:40:37,M42091,Digital Service 523,ALMATY,KZ,4816,0720 - Contactless - VSDC magstripe,1308182001: Cash Withdrawal Transaction(International),15.7,15.7,PURCHASE,1
T00021918,C000290,2023-11-17 01:21:35,2023-11-17 01:21:40,M74477,Hotel 657,STOCKHOLM,SE,7011,0007 - Other,1308282001: Other Transaction(International),23696.81,58121.27,PURCHASE,1
T00021919,C000351,2023-11-17 01:41:07,2023-11-17 01:41:12,M34489,Pharmacy 789,AKTAU,KZ,5912,0720 - Contactless - VSDC magstripe,1308262001: Bill Payment Transaction(International),123797.33,386.31,PURCHASE,1
T00021920,C000447,2023-11-17 02:00:06,2023-11-17 02:00:11,M43287,Elecrtronics 583,SEOUL,KR,5065,0730 - Contactless - VSDC chip,1308142001: Credit Purchase Transaction(International),144352.14,97.76,PURCHASE,1
T00021922,C000418,2023-11-17 03:26:48,2023-11-17 03:26:54,M50960,Pharmacy 466,TBILISI,GE,5912,0710 - Contactless - VSDC chip,1308142001: Credit Purchase Transaction(International),292645.75,292645.75,TRANSFER,1
T00021933,C000374,2023-11-17 08:00:41,2023-11-17 08:02:39,M55005,Jewelry 820,AKTAU,KZ,5944,0008 - Not used,1308202001: Balance Inquiry Transaction(International),338091.13,338091.13,PURCHASE,1
T00022059,C000251,2023-11-19 04:51:39,2023-11-19 04:51:44,M32577,Transport 88,ISTANBUL,TR,4111,0000 - Unknown,1308172001: Cash Withdrawal Transaction(Domestic),42422.71,796.44,REFUND,1
T00022077,C000406,2023-11-19 12:19:34,2023-11-19 12:20:35,M69438,Supermarket 516,BUSAN,KR,5411,ECOMMERCE,1308272001: Other Transaction(Domestic),3974.39,3945.98,PURCHASE,1
T00022109,C000376,2023-11-19 21:04:53,2023-11-19 21:05:53,M81189,Supermarket 703,MEXICO CITY,MX,5411,ECOMMERCE,1308192001: Balance Inquiry Transaction(Domestic),1110.63,1090.88,PURCHASE,1
T00022158,C000025,2023-11-20 14:29:05,2023-11-20 14:29:52,M66175,Online store 520,TALDYKORGAN,KZ,5999,0004 - Installment,1308282001: Other Transaction(International),90068.38,90068.38,PURCHASE,1
T00022209,C000376,2023-11-21 07:00:36,2023-11-21 07:01:38,M39645,Supermarket 820,STOCKHOLM,SE,5411,0003 - Recurring,1308192001: Balance Inquiry Transaction(Domestic),1122162.02,1122162.02,PURCHASE,1
T00022236,C000009,2023-11-21 15:21:23,2023-11-21 15:21:33,M41635,Unknown Merchant,MUMBAI,IN,5065,MAGNETIC,1308162001: Prepaid Purchase Transaction(International),196019.7,11969.48,PURCHASE,1
T00022266,C000057,2023-11-22 00:20:07,2023-11-22 00:20:12,M24566,Cafe and restaraunts 373,BEIJING,CN,5812,0710 - Contactless - VSDC chip,1308262001: Bill Payment Transaction(International),59658.95,4414.28,PURCHASE,1
T00022315,C000495,2023-11-22 15:57:53,2023-11-22 15:59:34,M86133,Unknown Merchant,SAMARKAND,UZ,5944,MAGNETIC,1308212001: Refund Transaction(Domestic),233724.36,121754.33,PURCHASE,1
T00022343,C000125,2023-11-23 00:50:50,2023-11-23 00:50:55,M68355,Transport 304,TALDYKORGAN,KZ,4111,0720 - Contactless - VSDC magstripe,1308242001: Transfer Transaction(International),147200.76,430.71,WITHDRAWAL,1
T00022374,C000242,2023-11-23 12:19:06,2023-11-23 12:20:59,M74448,Elecrtronics 734,MONTREAL,CA,5065,ECOMMERCE,1308282001: Other Transaction(International),40059.38,39498.45,WITHDRAWAL,1
T00022377,C000278,2023-11-23 12:59:05,2023-11-23 13:00:44,M57998,Unknown Merchant,ALMATY,KZ,5065,MAGNETIC,1308162001: Prepaid Purchase Transaction(International),171996.7,98.22,PURCHASE,1
T00022409,C000484,2023-11-24 02:02:45,2023-11-24 02:02:50,M48123,Elecrtronics 227,ASTANA,KZ,5065,0003 - Recurring,1308192001: Balance Inquiry Transaction(Domestic),43679.32,70621.33,PURCHASE,1
T00022451,C000248,2023-11-24 19:59:35,2023-11-24 20:01:05,M49471,Elecrtronics 932,TARAZ,KZ,4816,0510 - Contactless - Magstripe,1308242001: Transfer Transaction(International),32.06,32.06,TRANSFER,1
T00022466,C000186,2023-11-25 00:53:36,2023-11-25 00:53:41,M16113,Hotel 962,TARAZ,KZ,7011,0006 - Cash,1308212001: Refund Transaction(Domestic),116295.11,15581.89,REFUND,1
T00022482,C000053,2023-11-25 06:14:14,2023-11-25 06:15:09,M46326,Unknown Merchant,KRAKOW,PL,5944,MAGNETIC,1308232001: Transfer Transaction(Domestic),115342.02,1138.08,PURCHASE,1
T00022545,C000220,2023-11-26 02:57:36,2023-11-26 02:57:41,M33494,Jewelry 318,KOSTANAY,KZ,5944,0110 - Swipe,1308182001: Cash Withdrawal Transaction(International),26226.2,35529.04,WITHDRAWAL,1
T00022615,C000306,2023-11-27 01:03:37,2023-11-27 01:03:42,M78925,Hotel 988,SEMEY,KZ,7011,0000 - Unknown,1308202001: Balance Inquiry Transaction(International),18862.61,30994.31,PURCHASE,1
T00022616,C000125,2023-11-27 01:05:08,2023-11-27 01:05:13,M12479,Online store 34,SEOUL,KR,5999,0002 - Mail/Phone order,1308242001: Transfer Transaction(International),110787.92,12366.83,PURCHASE,1
T00022658,C000228,2023-11-27 14:12:06,2023-11-27 14:13:06,M44206,Online store 834,CAIRO,EG,4816,0003 - Recurring,1308142001: Credit Purchase Transaction(International),34.95,34.95,PURCHASE,1
T00022714,C000135,2023-11-28 12:43:23,2023-11-28 12:45:10,M19324,Online store 870,SEMEY,KZ,5999,0730 - Contactless - VSDC chip,1308132001: Credit Purchase Transaction(Domestic),50004.89,50004.89,WITHDRAWAL,1
T00022775,C000053,2023-11-29 11:45:23,2023-11-29 11:47:03,M78455,Unknown Merchant,PHUKET,TH,5065,MAGNETIC,1308232001: Transfer Transaction(Domestic),179339.83,920.36,REFUND,1
T00022786,C000215,2023-11-29 17:17:42,2023-11-29 17:18:42,M97562,Pharmacy 841,MILAN,IT,5912,ECOMMERCE,1308172001: Cash Withdrawal Transaction(Domestic),2825.91,2800.99,TRANSFER,1
T00022811,C000181,2023-11-30 02:14:48,2023-11-30 02:16:38,M69474,Transport 807,FRANKFURT,DE,4111,ECOMMERCE,1308222001: Refund Transaction(International),1817.1,1799.75,PURCHASE,1
T00022819,C000061,2023-11-30 04:53:44,2023-11-30 04:54:37,M81068,Elecrtronics 491,BATUMI,GE,4816,0110 - Swipe,1308252001: Bill Payment Transaction(Domestic),31.91,31.91,PURCHASE,1
T00022843,C000404,2023-11-30 13:42:20,2023-11-30 13:43:53,M63886,Hotel 98,BANGALORE,IN,7011,ECOMMERCE,1308132001: Credit Purchase Transaction(Domestic),27440.11,27322.23,WITHDRAWAL,1
T00022891,C000062,2023-12-01 05:28:08,2023-12-01 05:28:30,M56572,Jewelry 413,DUBAI,AE,5944,ECOMMERCE,1308162001: Prepaid Purchase Transaction(International),74926.35,74571.21,WITHDRAWAL,1
T00023019,C000321,2023-12-02 19:54:43,2023-12-02 19:56:25,M19696,Pharmacy 422,KUALA LUMPUR,MY,5912,0510 - Contactless - Magstripe,1308262001: Bill Payment Transaction(International),286349.05,286349.05,PURCHASE,1
T00023123,C000331,2023-12-04 11:26:19,2023-12-04 11:26:49,M58873,Cafe and restaraunts 865,BEIJING,CN,5812,ECOMMERCE,1308212001: Refund Transaction(Domestic),100.0,99.31,PURCHASE,1
T00023238,C000048,2023-12-06 06:32:26,2023-12-06 06:34:19,M17572,Unknown Merchant,PAVLODAR,KZ,5944,MAGNETIC,1308112001: Debit Purchase Transaction(Domestic),252861.05,1066.35,WITHDRAWAL,1
T00023378,C000155,2023-12-08 09:08:34,2023-12-08 09:08:45,M41580,Digital Service 373,ROME,IT,4816,0120 - Keyin,1308192001: Balance Inquiry Transaction(Domestic),38.48,38.48,PURCHASE,1
T00023417,C000308,2023-12-09 01:04:33,2023-12-09 01:04:38,M46478,Supermarket 892,ATYRAU,KZ,5411,0800 - Contactless - Magstripe,1308132001: Credit Purchase Transaction(Domestic),271975.1,9269.86,PURCHASE,1
T00023521,C000133,2023-12-10 10:08:55,2023-12-10 10:09:21,M74307,Pharmacy 109,EDINBURGH,GB,5912,0002 - Mail/Phone order,1308232001: Transfer Transaction(Domestic),207120.24,207120.24,PURCHASE,1
T00023606,C000482,2023-12-11 15:34:46,2023-12-11 15:35:34,M10603,Hotel 937,CAIRO,EG,4816,0005 - Preauthorized,1308212001: Refund Transaction(Domestic),52.52,52.52,PURCHASE,1
T00023622,C000290,2023-12-11 21:17:27,2023-12-11 21:17:32,M29406,Pharmacy 54,TALDYKORGAN,KZ,5912,0110 - Swipe,1308282001: Other Transaction(International),208354.87,208354.87,PURCHASE,1
T00023647,C000429,2023-12-12 04:35:58,2023-12-12 04:36:03,M65709,Jewelry 884,KARAGANDA,KZ,5944,0120 - Keyin,1308252001: Bill Payment Transaction(Domestic),10708.06,25107.69,PURCHASE,1
T00023705,C000088,2023-12-12 22:41:43,2023-12-12 22:42:59,M63562,Unknown Merchant,KARAGANDA,KZ,5065,MAGNETIC,1308132001: Credit Purchase Transaction(Domestic),195936.44,72647.34,PURCHASE,1
T00023718,C000226,2023-12-13 03:01:21,2023-12-13 03:01:26,M49108,Hotel 209,SAO PAULO,BR,7011,0120 - Keyin,1308192001: Balance Inquiry Transaction(Domestic),99425.07,33371.13,PURCHASE,1
T00023728,C000110,2023-12-13 05:37:58,2023-12-13 05:38:14,M94076,Pharmacy 502,BUKHARA,UZ,5912,ECOMMERCE,1308112001: Debit Purchase Transaction(Domestic),931.23,906.13,PURCHASE,1
T00023734,C000044,2023-12-13 07:51:55,2023-12-13 07:53:47,M63416,Unknown Merchant,TARAZ,KZ,5065,MAGNETIC,1308162001: Prepaid Purchase Transaction(International),251017.8,21637.34,PURCHASE,1
T00023749,C000367,2023-12-13 11:21:32,2023-12-13 11:23:03,M71573,Unknown Merchant,ATYRAU,KZ,5065,MAGNETIC,1308112001: Debit Purchase Transaction(Domestic),169528.58,40568.89,PURCHASE,1
T00023768,C000262,2023-12-13 17:31:32,2023-12-13 17:32:39,M58151,Online store 309,BERLIN,DE,5999,ECOMMERCE,1308152001: Prepaid Purchase Transaction(Domestic),9222.44,9167.69,PURCHASE,1
T00023790,C000068,2023-12-14 00:24:07,2023-12-14 00:24:12,M23331,Digital Service 477,KOSTANAY,KZ,4816,0001 - E-commerce,1308132001: Credit Purchase Transaction(Domestic),49271.83,4930.72,WITHDRAWAL,1
T00023897,C000173,2023-12-15 15:37:02,2023-12-15 15:38:29,M47751,Unknown Merchant,FRANKFURT,DE,5944,MAGNETIC,1308222001: Refund Transaction(International),144575.95,1455.9,WITHDRAWAL,1
T00023903,C000455,2023-12-15 18:06:38,2023-12-15 18:07:30,M88451,Jewelry 3,LYON,FR,5944,ECOMMERCE,1308202001: Balance Inquiry Transaction(International),21693.32,21072.7,PURCHASE,1
T00023917,C000467,2023-12-16 00:26:48,2023-12-16 00:26:53,M44572,Online store 148,SINGAPORE,SGP,5999,0005 - Preauthorized,1308252001: Bill Payment Transaction(Domestic),46172.56,8907.57,PURCHASE,1
T00023943,C000034,2023-12-16 12:21:31,2023-12-16 12:22:02,M78257,Digital Service 1,KOSTANAY,KZ,4816,0005 - Preauthorized,1308162001: Prepaid Purchase Transaction(International),1.59,1.59,PURCHASE,1
T00023953,C000372,2023-12-16 15:37:04,2023-12-16 15:37:36,M51971,Pharmacy 945,LYON,FR,5912,ECOMMERCE,1308242001: Transfer Transaction(International),100.0,97.16,WITHDRAWAL,1
T00024180,C000209,2023-12-20 03:46:22,2023-12-20 03:46:27,M83656,ATM Withdrawal,ALMATY,KZ,6011,0800 - Contactless - Magstripe,1308272001: Other Transaction(Domestic),39206.31,37827.49,WITHDRAWAL,1
T00024206,C000109,2023-12-20 11:53:47,2023-12-20 11:53:58,M99288,Online store 777,ROTTERDAM,NL,5999,0008 - Not used,1308142001: Credit Purchase Transaction(International),445452.16,445452.16,PURCHASE,1
T00024238,C000003,2023-12-20 21:06:49,2023-12-20 21:07:35,M53340,Supermarket 747,ROTTERDAM,NL,5411,ECOMMERCE,1308152001: Prepaid Purchase Transaction(Domestic),6936.37,6918.11,PURCHASE,1
T00024256,C000497,2023-12-21 02:38:54,2023-12-21 02:38:58,M80994,Digital Service 980,MIAMI,US,4816,0002 - Mail/Phone order,1308282001: Other Transaction(International),46409.68,46409.68,PURCHASE,1
T00024274,C000151,2023-12-21 08:26:38,2023-12-21 08:28:11,M19258,Jewelry 161,TARAZ,KZ,5944,0510 - Contactless - Magstripe,1308222001: Refund Transaction(International),58398.2,58398.2,PURCHASE,1
T00024525,C000281,2023-12-25 01:11:40,2023-12-25 01:12:44,M49030,Cafe and restaraunts 927,STOCKHOLM,SE,5812,ECOMMERCE,1308162001: Prepaid Purchase Transaction(International),1030.71,1018.43,PURCHASE,1
T00024620,C000432,2023-12-26 10:32:17,2023-12-26 10:32:18,M47187,Transport 432,NEW YORK,US,4111,ECOMMERCE,1308172001: Cash Withdrawal Transaction(Domestic),1411.5,1391.89,REFUND,1
T00024692,C000350,2023-12-27 11:54:21,2023-12-27 11:54:48,M72622,Transport 646,TORONTO,CA,4111,ECOMMERCE,1308152001: Prepaid Purchase Transaction(Domestic),398.85,393.09,PURCHASE,1
T00024755,C000243,2023-12-28 05:16:03,2023-12-28 05:17:33,M46109,Pharmacy 435,ROME,IT,5912,ECOMMERCE,1308242001: Transfer Transaction(International),100.0,99.62,PURCHASE,1
T00024815,C000354,2023-12-29 01:54:38,2023-12-29 01:54:43,M62647,Jewelry 161,AKTAU,KZ,5944,1000 - Credential on file,1308262001: Bill Payment Transaction(International),183302.0,73066.99,PURCHASE,1
T00024877,C000305,2023-12-29 23:28:53,2023-12-29 23:30:14,M99578,Unknown Merchant,PAVLODAR,KZ,5065,MAGNETIC,1308182001: Cash Withdrawal Transaction(International),106644.08,3483.24,PURCHASE,1
T00024882,C000192,2023-12-30 00:52:51,2023-12-30 00:52:56,M91141,Elecrtronics 974,SYDNEY,AU,5065,0004 - Installment,1308262001: Bill Payment Transaction(International),55429.95,32990.35,PURCHASE,1
T00024888,C000038,2023-12-30 02:57:17,2023-12-30 02:57:22,M34682,Elecrtronics 749,AKTAU,KZ,5065,0120 - Keyin,1308212001: Refund Transaction(Domestic),27300.42,35293.86,PURCHASE,1
T00024921,C000113,2023-12-30 15:07:17,2023-12-30 15:07:44,M98584,Unknown Merchant,ATYRAU,KZ,5065,MAGNETIC,1308132001: Credit Purchase Transaction(Domestic),239657.84,1079.99,PURCHASE,1
T00025032,C000368,2024-01-01 04:09:39,2024-01-01 04:09:44,M43451,Cafe and restaraunts 843,SEMEY,KZ,5812,0110 - Swipe,1308272001: Other Transaction(Domestic),31544.02,5324.72,PURCHASE,1
T00025041,C000090,2024-01-01 09:01:40,2024-01-01 09:02:15,M34889,Online store 851,BRASILIA,BR,4816,0730 - Contactless - VSDC chip,1308272001: Other Transaction(Domestic),87.28,87.28,PURCHASE,1
T00025062,C000337,2024-01-01 16:29:00,2024-01-01 16:30:54,M94694,ATM Withdrawal,TALDYKORGAN,KZ,6011,0004 - Installment,1308242001: Transfer Transaction(International),121120.66,121120.66,PURCHASE,1
T00025089,C000220,2024-01-02 03:35:05,2024-01-02 03:35:10,M51182,Hotel 121,SEMEY,KZ,7011,0003 - Recurring,1308182001: Cash Withdrawal Transaction(International),40635.22,27807.56,PURCHASE,1
T00025112,C000324,2024-01-02 12:25:41,2024-01-02 12:26:46,M57199,Transport 572,SHARM EL SHEIKH,EG,4816,0005 - Preauthorized,1308182001: Cash Withdrawal Transaction(International),75.02,75.02,REFUND,1
T00025128,C000186,2024-01-02 21:42:08,2024-01-02 21:42:33,M77000,Elecrtronics 601,SAN FRANCISCO,US,5065,ECOMMERCE,1308212001: Refund Transaction(Domestic),100.0,97.01,PURCHASE,1
T00025132,C000442,2024-01-02 22:17:36,2024-01-02 22:18:21,M91007,Pharmacy 751,KUALA LUMPUR,MY,5912,0730 - Contactless - VSDC chip,1308242001: Transfer Transaction(International),226122.9,226122.9,PURCHASE,1
T00025275,C000392,2024-01-05 01:28:59,2024-01-05 01:29:04,M63616,Supermarket 535,SHARM EL SHEIKH,EG,5411,0000 - Unknown,1308282001: Other Transaction(International),29555.08,97.3,PURCHASE,1
T00025304,C000381,2024-01-05 10:11:17,2024-01-05 10:12:00,M31639,Elecrtronics 353,TARAZ,KZ,5065,0510 - Contactless - Magstripe,1308252001: Bill Payment Transaction(Domestic),78113.69,78113.69,PURCHASE,1
T00025385,C000056,2024-01-06 16:08:19,2024-01-06 16:09:31,M81073,Cafe and restaraunts 297,ATYRAU,KZ,4816,0006 - Cash,1308242001: Transfer Transaction(International),70.73,70.73,PURCHASE,1
T00025490,C000145,2024-01-08 04:36:01,2024-01-08 04:36:06,M82312,Online store 39,TALDYKORGAN,KZ,5999,0004 - Installment,1308182001: Cash Withdrawal Transaction(International),49629.93,5526.91,WITHDRAWAL,1
T00025558,C000134,2024-01-09 02:00:13,2024-01-09 02:00:22,M26063,Online store 266,ZURICH,CH,5999,0003 - Recurring,1308282001: Other Transaction(International),89943.87,89943.87,WITHDRAWAL,1
T00025621,C000060,2024-01-10 02:23:06,2024-01-10 02:23:11,M48563,Jewelry 698,KOSTANAY,KZ,5944,1000 - Credential on file,1308242001: Transfer Transaction(International),129643.95,2876.97,WITHDRAWAL,1
T00025659,C000219,2024-01-10 15:36:22,2024-01-10 15:36:56,M73595,Pharmacy 390,SEMEY,KZ,5912,0720 - Contactless - VSDC magstripe,1308172001: Cash Withdrawal Transaction(Domestic),95048.26,95048.26,WITHDRAWAL,1
T00025838,C000493,2024-01-13 03:55:55,2024-01-13 03:56:00,M43956,Digital Service 292,ATYRAU,KZ,4816,0730 - Contactless - VSDC chip,1308282001: Other Transaction(International),34711.63,6759.86,PURCHASE,1
T00025883,C000071,2024-01-13 17:05:29,2024-01-13 17:05:42,M89525,Jewelry 958,TARAZ,KZ,5944,0007 - Other,1308232001: Transfer Transaction(Domestic),64811.54,64811.54,PURCHASE,1
T00025907,C000227,2024-01-14 02:00:30,2024-01-14 02:00:50,M73098,Elecrtronics 914,GENEVA,CH,5065,ECOMMERCE,1308122001: Debit Purchase Transaction(International),30043.87,29858.53,PURCHASE,1
T00025983,C000485,2024-01-15 04:45:18,2024-01-15 04:45:23,M76618,Supermarket 665,ALMATY,KZ,5411,0510 - Contactless - Magstripe,1308222001: Refund Transaction(International),48659.58,1243.93,PURCHASE,1
T00026006,C000394,2024-01-15 12:49:47,2024-01-15 12:50:47,M97252,Elecrtronics 637,KOSTANAY,KZ,5065,0000 - Unknown,1308132001: Credit Purchase Transaction(Domestic),345995.34,345995.34,PURCHASE,1
T00026010,C000278,2024-01-15 13:12:49,2024-01-15 13:13:00,M78921,ATM Withdrawal,MONTREAL,CA,4816,0001 - E-commerce,1308162001: Prepaid Purchase Transaction(International),6.6,6.6,WITHDRAWAL,1
T00026040,C000486,2024-01-15 22:42:43,2024-01-15 22:43:13,M42824,Cafe and restaraunts 634,KOSTANAY,KZ,5812,0002 - Mail/Phone order,1308282001: Other Transaction(International),106033.61,106033.61,PURCHASE,1
T00026162,C000444,2024-01-18 01:29:21,2024-01-18 01:31:18,M69540,Supermarket 545,TARAZ,KZ,5411,0007 - Other,1308252001: Bill Payment Transaction(Domestic),270523.8,270523.8,PURCHASE,1
T00026178,C000413,2024-01-18 07:40:26,2024-01-18 07:42:02,M66399,Digital Service 99,KOSTANAY,KZ,4816,0006 - Cash,1308282001: Other Transaction(International),111780.55,111780.55,PURCHASE,1
T00026238,C000193,2024-01-19 04:28:33,2024-01-19 04:30:09,M79251,Transport 767,TALDYKORGAN,KZ,4111,0005 - Preauthorized,1308262001: Bill Payment Transaction(International),137480.77,137480.77,PURCHASE,1
T00026299,C000213,2024-01-20 02:29:21,2024-01-20 02:29:41,M27989,Transport 975,ALMATY,KZ,4816,0730 - Contactless - VSDC chip,1308222001: Refund Transaction(International),30.15,30.15,PURCHASE,1
T00026416,C000205,2024-01-21 19:09:22,2024-01-21 19:10:59,M29744,Unknown Merchant,ASTANA,KZ,5944,MAGNETIC,1308282001: Other Transaction(International),239990.95,97.66,TRANSFER,1
T00026491,C000085,2024-01-22 20:04:54,2024-01-22 20:06:42,M18046,Transport 429,SYDNEY,AU,4111,ECOMMERCE,1308212001: Refund Transaction(Domestic),1149.03,1147.13,PURCHASE,1
T00026557,C000112,2024-01-23 17:01:17,2024-01-23 17:01:27,M70059,Supermarket 845,KRAKOW,PL,5411,0001 - E-commerce,1308212001: Refund Transaction(Domestic),126571.17,126571.17,PURCHASE,1
T00026565,C000167,2024-01-23 19:40:45,2024-01-23 19:42:37,M94276,Pharmacy 681,KARAGANDA,KZ,5912,0510 - Contactless - Magstripe,1308152001: Prepaid Purchase Transaction(Domestic),288280.7,288280.7,PURCHASE,1
T00026580,C000174,2024-01-23 23:32:31,2024-01-23 23:34:11,M59811,Hotel 709,LONDON,GB,7011,ECOMMERCE,1308262001: Bill Payment Transaction(International),5280.65,5237.33,PURCHASE,1
T00026612,C000369,2024-01-24 10:58:12,2024-01-24 10:59:56,M82535,Digital Service 526,MANCHESTER,GB,4816,ECOMMERCE,1308122001: Debit Purchase Transaction(International),100.0,97.97,WITHDRAWAL,1
T00026632,C000123,2024-01-24 18:49:04,2024-01-24 18:51:00,M63125,Elecrtronics 909,OSH,KG,5065,ECOMMERCE,1308202001: Balance Inquiry Transaction(International),57475.67,56036.14,PURCHASE,1
T00026651,C000319,2024-01-25 02:10:01,2024-01-25 02:10:06,M22139,Cafe and restaraunts 747,AKTAU,KZ,5812,0720 - Contactless - VSDC magstripe,1308242001: Transfer Transaction(International),169169.25,2558.63,PURCHASE,1
T00026696,C000103,2024-01-25 18:02:27,2024-01-25 18:03:19,M40779,Elecrtronics 152,MUMBAI,IN,5065,0007 - Other,1308132001: Credit Purchase Transaction(Domestic),62089.76,62089.76,WITHDRAWAL,1
T00026775,C000185,2024-01-27 01:55:55,2024-01-27 01:57:47,M53065,Jewelry 655,MELBOURNE,AU,5944,ECOMMERCE,1308282001: Other Transaction(International),35266.99,35057.78,PURCHASE,1
T00026951,C000111,2024-01-29 14:22:09,2024-01-29 14:23:10,M64094,Hotel 98,TASHKENT,UZ,7011,ECOMMERCE,1308112001: Debit Purchase Transaction(Domestic),62190.58,60514.66,PURCHASE,1
T00026977,C000031,2024-01-30 02:51:45,2024-01-30 02:51:50,M27172,Transport 28,TOKYO,JP,4111,0003 - Recurring,1308242001: Transfer Transaction(International),366140.15,930.68,PURCHASE,1
T00027021,C000280,2024-01-30 12:48:04,2024-01-30 12:48:23,M51752,ATM Withdrawal,BARCELONA,ES,4816,0008 - Not used,1308242001: Transfer Transaction(International),98.12,98.12,WITHDRAWAL,1
T00027084,C000415,2024-01-31 10:47:56,2024-01-31 10:48:58,M27111,Hotel 78,KUALA LUMPUR,MY,7011,ECOMMERCE,1308202001: Balance Inquiry Transaction(International),5612.27,5447.3,TRANSFER,1
T00027161,C000453,2024-02-01 09:38:45,2024-02-01 09:39:10,M65198,Pharmacy 609,EDINBURGH,GB,5912,0007 - Other,1308242001: Transfer Transaction(International),626934.98,626934.98,PURCHASE,1
T00027171,C000069,2024-02-01 10:55:29,2024-02-01 10:57:03,M10554,Jewelry 405,MUMBAI,IN,5944,ECOMMERCE,1308242001: Transfer Transaction(International),68389.83,66975.55,PURCHASE,1
T00027300,C000376,2024-02-03 06:40:40,2024-02-03 06:41:28,M71841,Online store 561,SEMEY,KZ,4816,0007 - Other,1308192001: Balance Inquiry Transaction(Domestic),12.17,12.17,WITHDRAWAL,1
T00027332,C000306,2024-02-03 19:42:29,2024-02-03 19:43:31,M17250,Hotel 256,ATYRAU,KZ,4816,0510 - Contactless - Magstripe,1308202001: Balance Inquiry Transaction(International),27.1,27.1,PURCHASE,1
T00027391,C000144,2024-02-04 12:50:47,2024-02-04 12:51:37,M11950,Elecrtronics 765,TALDYKORGAN,KZ,5065,0000 - Unknown,1308202001: Balance Inquiry Transaction(International),258409.76,258409.76,PURCHASE,1
T00027432,C000440,2024-02-05 01:46:12,2024-02-05 01:46:17,M53788,Pharmacy 958,AKTAU,KZ,5912,0720 - Contactless - VSDC magstripe,1308222001: Refund Transaction(International),108630.99,967.5,WITHDRAWAL,1
T00027434,C000273,2024-02-05 02:09:51,2024-02-05 02:11:49,M14754,ATM Withdrawal,SHYMKENT,KZ,6011,0003 - Recurring,1308262001: Bill Payment Transaction(International),47749.03,47749.03,TRANSFER,1
T00027441,C000017,2024-02-05 04:48:30,2024-02-05 04:48:35,M57877,Elecrtronics 801,OSH,KG,5065,0008 - Not used,1308282001: Other Transaction(International),82531.35,53605.28,WITHDRAWAL,1
T00027444,C000206,2024-02-05 06:07:34,2024-02-05 06:08:42,M35587,Unknown Merchant,TARAZ,KZ,5944,MAGNETIC,1308172001: Cash Withdrawal Transaction(Domestic),137657.16,129.09,PURCHASE,1
T00027488,C000202,2024-02-05 21:48:21,2024-02-05 21:49:26,M87492,Hotel 838,TARAZ,KZ,7011,0510 - Contactless - Magstripe,1308112001: Debit Purchase Transaction(Domestic),226074.63,226074.63,PURCHASE,1
T00027609,C000435,2024-02-07 19:16:44,2024-02-07 19:18:09,M29681,Supermarket 651,ALMATY,KZ,5411,0002 - Mail/Phone order,1308272001: Other Transaction(Domestic),385365.0,385365.0,WITHDRAWAL,1
T00027708,C000417,2024-02-09 01:16:55,2024-02-09 01:18:51,M96478,Unknown Merchant,SEMEY,KZ,5944,MAGNETIC,1308222001: Refund Transaction(International),141881.17,4225.72,PURCHASE,1
T00027764,C000427,2024-02-09 18:01:11,2024-02-09 18:02:39,M25908,Pharmacy 841,PAVLODAR,KZ,5912,0730 - Contactless - VSDC chip,1308262001: Bill Payment Transaction(International),441978.6,441978.6,PURCHASE,1
T00027870,C000360,2024-02-11 01:56:24,2024-02-11 01:56:29,M60919,Pharmacy 671,TARAZ,KZ,5912,0110 - Swipe,1308202001: Balance Inquiry Transaction(International),58837.83,1827.87,WITHDRAWAL,1
T00028133,C000249,2024-02-14 15:17:35,2024-02-14 15:18:20,M80712,Unknown Merchant,ATYRAU,KZ,5065,MAGNETIC,1308212001: Refund Transaction(Domestic),226346.73,2337.74,PURCHASE,1
T00028145,C000010,2024-02-14 21:48:59,2024-02-14 21:49:31,M18312,Unknown Merchant,TALDYKORGAN,KZ,5065,MAGNETIC,1308262001: Bill Payment Transaction(International),257837.66,45543.31,PURCHASE,1
T00028235,C000224,2024-02-16 03:28:30,2024-02-16 03:28:35,M96601,Transport 580,AKTAU,KZ,4111,0005 - Preauthorized,1308272001: Other Transaction(Domestic),30320.87,1566.95,PURCHASE,1
T00028304,C000200,2024-02-17 01:39:28,2024-02-17 01:39:33,M45350,Hotel 535,KARAGANDA,KZ,7011,0710 - Contactless - VSDC chip,1308242001: Transfer Transaction(International),33806.83,49655.13,PURCHASE,1
T00028319,C000375,2024-02-17 04:56:45,2024-02-17 04:57:52,M36788,Unknown Merchant,PAVLODAR,KZ,5944,MAGNETIC,1308162001: Prepaid Purchase Transaction(International),173584.07,16404.55,PURCHASE,1
T00028383,C000440,2024-02-18 01:22:00,2024-02-18 01:22:05,M79001,Pharmacy 831,ASTANA,KZ,5912,0003 - Recurring,1308222001: Refund Transaction(International),68930.83,98.66,WITHDRAWAL,1
T00028388,C000392,2024-02-18 03:33:39,2024-02-18 03:34:38,M77870,Hotel 812,BARCELONA,ES,7011,ECOMMERCE,1308282001: Other Transaction(International),45018.63,44119.81,WITHDRAWAL,1
T00028402,C000028,2024-02-18 08:25:54,2024-02-18 08:27:33,M50400,Unknown Merchant,ATYRAU,KZ,5065,MAGNETIC,1308282001: Other Transaction(International),174731.08,54157.04,PURCHASE,1
T00028423,C000211,2024-02-18 14:30:18,2024-02-18 14:31:55,M63272,Unknown Merchant,TASHKENT,UZ,5065,MAGNETIC,1308222001: Refund Transaction(International),291204.75,1286.73,PURCHASE,1
T00028457,C000068,2024-02-18 23:35:17,2024-02-18 23:36:31,M31628,Digital Service 616,BATUMI,GE,4816,0110 - Swipe,1308132001: Credit Purchase Transaction(Domestic),36781.21,36781.21,PURCHASE,1
T00028593,C000216,2024-02-20 20:21:13,2024-02-20 20:21:50,M59118,Unknown Merchant,ALMATY,KZ,5065,MAGNETIC,1308212001: Refund Transaction(Domestic),159771.36,98.28,PURCHASE,1
T00028598,C000154,2024-02-20 21:53:12,2024-02-20 21:54:41,M95815,Cafe and restaraunts 891,AMSTERDAM,NL,5812,0004 - Installment,1308232001: Transfer Transaction(Domestic),76197.2,76197.2,WITHDRAWAL,1
T00028616,C000013,2024-02-21 04:28:42,2024-02-21 04:28:47,M90428,Jewelry 806,ATYRAU,KZ,5944,0001 - E-commerce,1308192001: Balance Inquiry Transaction(Domestic),69154.71,51265.04,PURCHASE,1
T00028652,C000424,2024-02-21 15:26:26,2024-02-21 15:26:27,M88890,Pharmacy 866,OSH,KG,5912,0006 - Cash,1308242001: Transfer Transaction(International),45750.78,45750.78,PURCHASE,1
T00028732,C000011,2024-02-22 16:30:40,2024-02-22 16:30:51,M40902,Supermarket 980,SHYMKENT,KZ,4816,0800 - Contactless - Magstripe,1308202001: Balance Inquiry Transaction(International),3.14,3.14,WITHDRAWAL,1
T00028750,C000193,2024-02-23 01:07:59,2024-02-23 01:08:03,M24491,Elecrtronics 617,ABU DHABI,AE,5065,ECOMMERCE,1308262001: Bill Payment Transaction(International),42061.04,41168.35,PURCHASE,1
T00028825,C000027,2024-02-24 01:39:15,2024-02-24 01:39:20,M17247,Pharmacy 113,SEMEY,KZ,5912,0800 - Contactless - Magstripe,1308272001: Other Transaction(Domestic),133726.65,2638.27,PURCHASE,1
T00028845,C000410,2024-02-24 10:51:17,2024-02-24 10:51:29,M60765,Hotel 673,ATYRAU,KZ,4816,0730 - Contactless - VSDC chip,1308212001: Refund Transaction(Domestic),75.65,75.65,PURCHASE,1
T00028865,C000066,2024-02-24 16:50:11,2024-02-24 16:51:01,M27100,Unknown Merchant,KARAGANDA,KZ,5944,MAGNETIC,1308212001: Refund Transaction(Domestic),118071.57,43629.01,WITHDRAWAL,1
T00028867,C000121,2024-02-24 17:16:57,2024-02-24 17:18:39,M95720,Online store 164,MONTREAL,CA,4816,0110 - Swipe,1308142001: Credit Purchase Transaction(International),93.97,93.97,REFUND,1
T00028882,C000158,2024-02-25 01:17:44,2024-02-25 01:17:49,M86137,Elecrtronics 234,KUALA LUMPUR,MY,5065,1000 - Credential on file,1308282001: Other Transaction(International),90779.06,45941.68,PURCHASE,1
T00029137,C000032,2024-02-28 09:50:55,2024-02-28 09:51:09,M40962,Pharmacy 138,KUALA LUMPUR,MY,4816,0710 - Contactless - VSDC chip,1308252001: Bill Payment Transaction(Domestic),23.11,23.11,WITHDRAWAL,1
T00029178,C000059,2024-02-28 22:56:09,2024-02-28 22:57:14,M90610,Unknown Merchant,SAO PAULO,BR,5944,MAGNETIC,1308162001: Prepaid Purchase Transaction(International),232737.69,15033.49,TRANSFER,1
T00029189,C000005,2024-02-29 01:34:52,2024-02-29 01:36:14,M25194,Unknown Merchant,KARAGANDA,KZ,5944,MAGNETIC,1308232001: Transfer Transaction(Domestic),125821.6,2752.39,PURCHASE,1
T00029294,C000022,2024-03-01 08:16:03,2024-03-01 08:16:22,M36490,Digital Service 839,WARSAW,PL,4816,0003 - Recurring,1308272001: Other Transaction(Domestic),75139.47,75139.47,PURCHASE,1
T00029298,C000358,2024-03-01 10:43:58,2024-03-01 10:45:18,M82664,Transport 74,OSH,KG,4816,0800 - Contactless - Magstripe,1308172001: Cash Withdrawal Transaction(Domestic),79.85,79.85,PURCHASE,1
T00029337,C000009,2024-03-01 20:20:12,2024-03-01 20:22:02,M25392,Hotel 783,BANGKOK,TH,7011,0003 - Recurring,1308162001: Prepaid Purchase Transaction(International),83484.5,83484.5,PURCHASE,1
T00029371,C000403,2024-03-02 05:31:41,2024-03-02 05:32:54,M95749,Unknown Merchant,AKTAU,KZ,5065,MAGNETIC,1308172001: Cash Withdrawal Transaction(Domestic),275648.55,2206.97,PURCHASE,1
T00029440,C000129,2024-03-03 02:02:52,2024-03-03 02:02:57,M88529,Transport 158,ROTTERDAM,NL,4111,0510 - Contactless - Magstripe,1308242001: Transfer Transaction(International),46856.04,1626.71,PURCHASE,1
T00029516,C000434,2024-03-04 06:01:55,2024-03-04 06:02:10,M59640,Supermarket 922,PAVLODAR,KZ,4816,0005 - Preauthorized,1308112001: Debit Purchase Transaction(Domestic),37.9,37.9,PURCHASE,1
T00029531,C000224,2024-03-04 10:06:13,2024-03-04 10:07:31,M37757,Digital Service 746,LOS ANGELES,US,4816,ECOMMERCE,1308272001: Other Transaction(Domestic),455.57,447.94,TRANSFER,1
T00029554,C000285,2024-03-04 21:14:25,2024-03-04 21:15:56,M49534,Digital Service 413,ATYRAU,KZ,4816,0510 - Contactless - Magstripe,1308122001: Debit Purchase Transaction(International),101013.26,101013.26,PURCHASE,1
T00029575,C000404,2024-03-05 06:17:50,2024-03-05 06:19:03,M11954,Unknown Merchant,MARSEILLE,FR,5944,MAGNETIC,1308132001: Credit Purchase Transaction(Domestic),179102.13,792.84,PURCHASE,1
T00029632,C000002,2024-03-06 01:15:48,2024-03-06 01:15:53,M85698,Pharmacy 953,KUALA LUMPUR,MY,5912,0000 - Unknown,1308212001: Refund Transaction(Domestic),38368.4,1169.11,PURCHASE,1
T00029643,C000336,2024-03-06 03:47:03,2024-03-06 03:47:08,M57573,Cafe and restaraunts 981,ATYRAU,KZ,5812,0007 - Other,1308272001: Other Transaction(Domestic),9492.59,529.76,PURCHASE,1
T00029649,C000040,2024-03-06 04:50:45,2024-03-06 04:50:50,M98174,Supermarket 693,TALDYKORGAN,KZ,5411,0120 - Keyin,1308142001: Credit Purchase Transaction(International),79264.85,2900.78,TRANSFER,1
T00029799,C000471,2024-03-08 05:37:22,2024-03-08 05:39:14,M23449,Unknown Merchant,KARAGANDA,KZ,5944,MAGNETIC,1308132001: Credit Purchase Transaction(Domestic),145905.49,20313.09,WITHDRAWAL,1
T00029805,C000213,2024-03-08 07:24:46,2024-03-08 07:25:18,M33414,Hotel 825,ASTANA,KZ,4816,0003 - Recurring,1308222001: Refund Transaction(International),95.41,95.41,WITHDRAWAL,1
T00029841,C000013,2024-03-08 18:59:43,2024-03-08 19:01:05,M29806,Digital Service 199,SINGAPORE,SGP,4816,0005 - Preauthorized,1308192001: Balance Inquiry Transaction(Domestic),101130.85,101130.85,TRANSFER,1
T00029857,C000225,2024-03-09 02:35:28,2024-03-09 02:35:33,M48759,Pharmacy 294,MONTREAL,CA,5912,0001 - E-commerce,1308202001: Balance Inquiry Transaction(International),97755.81,3371.71,REFUND,1
T00029884,C000459,2024-03-09 12:28:54,2024-03-09 12:30:29,M92678,ATM Withdrawal,SHYMKENT,KZ,4816,0800 - Contactless - Magstripe,1308262001: Bill Payment Transaction(International),72.23,72.23,PURCHASE,1
T00029929,C000384,2024-03-10 00:38:21,2024-03-10 00:38:26,M25318,Cafe and restaraunts 788,AKTAU,KZ,5812,0510 - Contactless - Magstripe,1308132001: Credit Purchase Transaction(Domestic),29057.63,99.6,PURCHASE,1
T00029993,C000313,2024-03-10 17:37:55,2024-03-10 17:39:33,M74005,Online store 190,TASHKENT,UZ,4816,0006 - Cash,1308122001: Debit Purchase Transaction(International),57.98,57.98,PURCHASE,1
T00030038,C000116,2024-03-11 06:08:54,2024-03-11 06:10:41,M24711,Online store 862,MADRID,ES,4816,0000 - Unknown,1308262001: Bill Payment Transaction(International),8.79,8.79,PURCHASE,1
T00030065,C000410,2024-03-11 14:09:41,2024-03-11 14:11:14,M95841,Digital Service 268,ATYRAU,KZ,4816,0003 - Recurring,1308212001: Refund Transaction(Domestic),17605.91,17605.91,WITHDRAWAL,1
T00030112,C000470,2024-03-12 10:57:02,2024-03-12 10:57:57,M67877,Unknown Merchant,ASTANA,KZ,5944,MAGNETIC,1308182001: Cash Withdrawal Transaction(International),191729.14,139.87,WITHDRAWAL,1
T00030145,C000237,2024-03-12 22:21:19,2024-03-12 22:23:08,M92431,Jewelry 663,KUALA LUMPUR,MY,5944,ECOMMERCE,1308162001: Prepaid Purchase Transaction(International),81346.67,79744.46,PURCHASE,1
T00030146,C000186,2024-03-12 22:28:25,2024-03-12 22:30:20,M32572,Online store 912,SEMEY,KZ,5999,0001 - E-commerce,1308212001: Refund Transaction(Domestic),450902.23,450902.23,WITHDRAWAL,1
T00030148,C000070,2024-03-13 00:02:17,2024-03-13 00:02:22,M92584,Jewelry 510,ASTANA,KZ,5944,0510 - Contactless - Magstripe,1308132001: Credit Purchase Transaction(Domestic),39540.35,14226.59,PURCHASE,1
T00030168,C000156,2024-03-13 07:29:57,2024-03-13 07:30:05,M63465,Unknown Merchant,SHYMKENT,KZ,5065,MAGNETIC,1308132001: Credit Purchase Transaction(Domestic),190503.16,53366.55,TRANSFER,1
T00030198,C000224,2024-03-13 14:54:12,2024-03-13 14:54:30,M91654,Jewelry 98,WARSAW,PL,5944,ECOMMERCE,1308272001: Other Transaction(Domestic),107490.24,106151.3,REFUND,1
T00030284,C000028,2024-03-15 02:56:06,2024-03-15 02:58:05,M21199,Cafe and restaraunts 166,CAIRO,EG,5812,ECOMMERCE,1308282001: Other Transaction(International),1697.54,1687.58,REFUND,1
T00030369,C000065,2024-03-16 06:08:46,2024-03-16 06:09:38,M76053,Digital Service 711,SINGAPORE,SGP,4816,0007 - Other,1308132001: Credit Purchase Transaction(Domestic),93.78,93.78,PURCHASE,1
T00030421,C000313,2024-03-17 03:30:01,2024-03-17 03:30:06,M98404,Cafe and restaraunts 612,MEXICO CITY,MX,5812,0002 - Mail/Phone order,1308122001: Debit Purchase Transaction(International),346698.37,2049.73,PURCHASE,1
T00030472,C000433,2024-03-18 01:12:58,2024-03-18 01:13:03,M52738,Cafe and restaraunts 203,PAVLODAR,KZ,5812,0002 - Mail/Phone order,1308212001: Refund Transaction(Domestic),65357.27,3488.42,PURCHASE,1
T00030475,C000115,2024-03-18 03:12:52,2024-03-18 03:12:57,M45464,Online store 895,ASTANA,KZ,5999,0800 - Contactless - Magstripe,1308262001: Bill Payment Transaction(International),57486.57,98.86,WITHDRAWAL,1
T00030580,C000251,2024-03-19 17:47:20,2024-03-19 17:49:19,M35930,Digital Service 332,BUSAN,KR,4816,ECOMMERCE,1308172001: Cash Withdrawal Transaction(Domestic),6258.56,6214.05,PURCHASE,1
T00030613,C000381,2024-03-20 07:29:32,2024-03-20 07:29:49,M62701,Cafe and restaraunts 679,SHYMKENT,KZ,4816,0730 - Contactless - VSDC chip,1308252001: Bill Payment Transaction(Domestic),68.98,68.98,REFUND,1
T00030673,C000479,2024-03-21 06:47:32,2024-03-21 06:48:46,M87971,Unknown Merchant,TARAZ,KZ,5065,MAGNETIC,1308162001: Prepaid Purchase Transaction(International),160120.59,311.3,PURCHASE,1
T00030711,C000161,2024-03-21 20:12:45,2024-03-21 20:14:19,M21623,Digital Service 425,EDINBURGH,GB,4816,1000 - Credential on file,1308232001: Transfer Transaction(Domestic),24976.41,24976.41,TRANSFER,1
T00030917,C000482,2024-03-25 09:41:54,2024-03-25 09:42:46,M16672,Unknown Merchant,PAVLODAR,KZ,5065,MAGNETIC,1308212001: Refund Transaction(Domestic),131412.74,1585.32,WITHDRAWAL,1
T00030968,C000448,2024-03-26 01:18:00,2024-03-26 01:18:11,M49771,Unknown Merchant,BEIJING,CN,5065,MAGNETIC,1308272001: Other Transaction(Domestic),147191.62,20941.98,WITHDRAWAL,1
T00031020,C000182,2024-03-26 16:06:42,2024-03-26 16:06:48,M49445,Jewelry 987,ROME,IT,5944,ECOMMERCE,1308242001: Transfer Transaction(International),91861.1,90537.32,WITHDRAWAL,1
T00031047,C000272,2024-03-27 03:24:55,2024-03-27 03:25:00,M98193,Cafe and restaraunts 165,TALDYKORGAN,KZ,5812,0007 - Other,1308192001: Balance Inquiry Transaction(Domestic),53784.18,3482.57,PURCHASE,1
T00031053,C000415,2024-03-27 04:10:17,2024-03-27 04:10:22,M90871,ATM Withdrawal,KOSTANAY,KZ,6011,0110 - Swipe,1308202001: Balance Inquiry Transaction(International),46256.98,20679.58,PURCHASE,1
T00031110,C000015,2024-03-28 00:06:44,2024-03-28 00:06:49,M91210,Digital Service 291,SEMEY,KZ,4816,0710 - Contactless - VSDC chip,1308272001: Other Transaction(Domestic),63575.53,3652.68,PURCHASE,1
T00031112,C000238,2024-03-28 00:55:07,2024-03-28 00:56:00,M41984,Digital Service 270,AKTAU,KZ,4816,0008 - Not used,1308232001: Transfer Transaction(Domestic),129882.98,129882.98,PURCHASE,1
T00031114,C000443,2024-03-28 02:37:48,2024-03-28 02:39:39,M94904,Digital Service 5,MILAN,IT,4816,ECOMMERCE,1308222001: Refund Transaction(International),4807.34,4700.32,PURCHASE,1
T00031119,C000149,2024-03-28 03:48:28,2024-03-28 03:48:37,M79496,Jewelry 255,TOKYO,JP,4816,0002 - Mail/Phone order,1308242001: Transfer Transaction(International),46.79,46.79,PURCHASE,1
T00031273,C000129,2024-03-30 06:07:15,2024-03-30 06:07:50,M83726,Unknown Merchant,KOSTANAY,KZ,5065,MAGNETIC,1308242001: Transfer Transaction(International),269104.83,8046.86,PURCHASE,1
T00031337,C000120,2024-03-31 03:47:56,2024-03-31 03:48:01,M84800,Pharmacy 398,SHYMKENT,KZ,5912,0730 - Contactless - VSDC chip,1308212001: Refund Transaction(Domestic),38326.93,1465.67,PURCHASE,1
T00031400,C000243,2024-04-01 02:27:44,2024-04-01 02:27:49,M74149,Pharmacy 127,OSAKA,JP,5912,0000 - Unknown,1308242001: Transfer Transaction(International),20314.31,3279.36,REFUND,1
T00031411,C000232,2024-04-01 05:28:09,2024-04-01 05:29:49,M39869,Unknown Merchant,KARAGANDA,KZ,5065,MAGNETIC,1308182001: Cash Withdrawal Transaction(International),260569.35,1971.89,PURCHASE,1
T00031476,C000456,2024-04-02 04:33:53,2024-04-02 04:33:58,M30769,Hotel 981,SHYMKENT,KZ,7011,1000 - Credential on file,1308282001: Other Transaction(International),74875.62,11915.55,PURCHASE,1
T00031499,C000378,2024-04-02 11:28:51,2024-04-02 11:30:13,M22247,Online store 406,MUNICH,DE,5999,ECOMMERCE,1308202001: Balance Inquiry Transaction(International),13161.24,12873.79,PURCHASE,1
T00031543,C000042,2024-04-03 00:00:12,2024-04-03 00:00:55,M70273,Online store 544,TARAZ,KZ,4816,0710 - Contactless - VSDC chip,1308182001: Cash Withdrawal Transaction(International),92.77,92.77,WITHDRAWAL,1
T00031582,C000204,2024-04-03 14:31:35,2024-04-03 14:33:00,M79725,Hotel 817,AMSTERDAM,NL,7011,ECOMMERCE,1308282001: Other Transaction(International),100.0,98.86,PURCHASE,1
T00031622,C000228,2024-04-04 02:53:04,2024-04-04 02:53:09,M79770,Jewelry 704,RIO DE JANEIRO,BR,5944,0003 - Recurring,1308142001: Credit Purchase Transaction(International),188896.16,39302.62,PURCHASE,1
T00031695,C000403,2024-04-05 08:03:52,2024-04-05 08:05:34,M71142,Hotel 649,DELHI,IN,7011,0005 - Preauthorized,1308172001: Cash Withdrawal Transaction(Domestic),434493.18,434493.18,PURCHASE,1
T00031699,C000321,2024-04-05 08:55:53,2024-04-05 08:57:25,M48977,Hotel 199,TBILISI,GE,7011,0720 - Contactless - VSDC magstripe,1308262001: Bill Payment Transaction(International),162468.31,162468.31,PURCHASE,1
T00031740,C000476,2024-04-06 00:19:40,2024-04-06 00:19:56,M18261,Elecrtronics 133,PAVLODAR,KZ,5065,0120 - Keyin,1308242001: Transfer Transaction(International),52157.91,52157.91,TRANSFER,1
T00031802,C000147,2024-04-06 21:25:22,2024-04-06 21:26:32,M51925,Online store 639,MEXICO CITY,MX,5999,ECOMMERCE,1308272001: Other Transaction(Domestic),12047.29,11919.55,WITHDRAWAL,1
T00031879,C000286,2024-04-08 01:19:39,2024-04-08 01:19:44,M83970,Supermarket 995,LONDON,GB,5411,0720 - Contactless - VSDC magstripe,1308282001: Other Transaction(International),32286.26,1260.61,PURCHASE,1
T00031885,C000314,2024-04-08 02:51:38,2024-04-08 02:52:41,M66431,Elecrtronics 49,PAVLODAR,KZ,4816,1000 - Credential on file,1308262001: Bill Payment Transaction(International),70.86,70.86,WITHDRAWAL,1
T00031892,C000347,2024-04-08 04:30:22,2024-04-08 04:30:27,M59124,Jewelry 972,WARSAW,PL,5944,0006 - Cash,1308122001: Debit Purchase Transaction(International),50836.8,50443.59,PURCHASE,1
T00031931,C000409,2024-04-08 18:04:16,2024-04-08 18:05:45,M14064,Transport 729,WARSAW,PL,4111,ECOMMERCE,1308272001: Other Transaction(Domestic),1291.64,1267.93,PURCHASE,1
T00031935,C000053,2024-04-08 18:43:56,2024-04-08 18:44:40,M99646,ATM Withdrawal,TARAZ,KZ,6011,0510 - Contactless - Magstripe,1308232001: Transfer Transaction(Domestic),42925.18,42925.18,PURCHASE,1
T00031942,C000352,2024-04-08 21:23:21,2024-04-08 21:24:10,M31794,Online store 429,SEMEY,KZ,4816,0110 - Swipe,1308232001: Transfer Transaction(Domestic),60.59,60.59,PURCHASE,1
T00031950,C000490,2024-04-09 00:49:44,2024-04-09 00:50:51,M59349,Jewelry 92,ASTANA,KZ,4816,0007 - Other,1308142001: Credit Purchase Transaction(International),87.16,87.16,PURCHASE,1
T00032018,C000258,2024-04-10 02:04:37,2024-04-10 02:04:42,M82120,Elecrtronics 972,MANCHESTER,GB,5065,0120 - Keyin,1308202001: Balance Inquiry Transaction(International),18876.57,73667.65,WITHDRAWAL,1
T00032034,C000480,2024-04-10 10:26:46,2024-04-10 10:28:38,M55572,Digital Service 278,LONDON,GB,4816,ECOMMERCE,1308222001: Refund Transaction(International),100.0,98.17,PURCHASE,1
T00032089,C000290,2024-04-11 04:46:33,2024-04-11 04:46:38,M29095,Elecrtronics 524,PAVLODAR,KZ,5065,0800 - Contactless - Magstripe,1308282001: Other Transaction(International),79484.97,54309.25,PURCHASE,1
T00032232,C000285,2024-04-13 08:48:53,2024-04-13 08:49:32,M72151,Pharmacy 90,TARAZ,KZ,4816,0120 - Keyin,1308122001: Debit Purchase Transaction(International),62.96,62.96,PURCHASE,1
T00032276,C000112,2024-04-14 02:36:17,2024-04-14 02:36:22,M63650,Pharmacy 714,PHUKET,TH,5912,0110 - Swipe,1308212001: Refund Transaction(Domestic),80572.17,3520.15,PURCHASE,1
T00032424,C000364,2024-04-16 04:58:54,2024-04-16 04:59:22,M96598,Unknown Merchant,MOSCOW,RU,5065,MAGNETIC,1308152001: Prepaid Purchase Transaction(Domestic),152249.7,97.64,PURCHASE,1
T00032444,C000340,2024-04-16 13:14:40,2024-04-16 13:15:22,M72491,Transport 193,SINGAPORE,SGP,4111,ECOMMERCE,1308152001: Prepaid Purchase Transaction(Domestic),1090.8,1073.72,TRANSFER,1
T00032606,C000421,2024-04-19 06:19:30,2024-04-19 06:20:22,M20138,Supermarket 951,SYDNEY,AU,5411,0710 - Contactless - VSDC chip,1308132001: Credit Purchase Transaction(Domestic),212730.3,212730.3,PURCHASE,1
T00032618,C000497,2024-04-19 10:24:39,2024-04-19 10:25:32,M28601,Pharmacy 596,SHYMKENT,KZ,4816,0510 - Contactless - Magstripe,1308282001: Other Transaction(International),64.79,64.79,PURCHASE,1
T00032646,C000482,2024-04-19 20:06:38,2024-04-19 20:07:52,M33856,Supermarket 652,CHICAGO,US,5411,0008 - Not used,1308212001: Refund Transaction(Domestic),160256.72,160256.72,PURCHASE,1
T00032756,C000101,2024-04-21 17:57:04,2024-04-21 17:58:30,M67047,Elecrtronics 635,BEIJING,CN,5065,0008 - Not used,1308192001: Balance Inquiry Transaction(Domestic),124567.44,124567.44,PURCHASE,1
T00032795,C000483,2024-04-22 03:03:33,2024-04-22 03:03:38,M99152,Elecrtronics 971,KARAGANDA,KZ,5065,0730 - Contactless - VSDC chip,1308122001: Debit Purchase Transaction(International),77977.04,59800.5,PURCHASE,1
T00032838,C000110,2024-04-22 20:11:50,2024-04-22 20:12:47,M31968,Cafe and restaraunts 991,KOSTANAY,KZ,5812,0007 - Other,1308112001: Debit Purchase Transaction(Domestic),59175.54,59175.54,PURCHASE,1
T00032928,C000206,2024-04-24 04:17:30,2024-04-24 04:17:35,M68973,Hotel 930,KOSTANAY,KZ,7011,0800 - Contactless - Magstripe,1308172001: Cash Withdrawal Transaction(Domestic),67643.2,39144.55,PURCHASE,1
T00032978,C000061,2024-04-24 19:52:11,2024-04-24 19:52:58,M48464,Cafe and restaraunts 108,SHYMKENT,KZ,4816,0002 - Mail/Phone order,1308252001: Bill Payment Transaction(Domestic),25.97,25.97,PURCHASE,1
T00033018,C000377,2024-04-25 09:08:07,2024-04-25 09:08:49,M39440,Unknown Merchant,AKTAU,KZ,5944,MAGNETIC,1308192001: Balance Inquiry Transaction(Domestic),162440.66,18991.99,PURCHASE,1
T00033065,C000039,2024-04-26 00:31:52,2024-04-26 00:31:57,M27524,Supermarket 343,ATYRAU,KZ,5411,0006 - Cash,1308162001: Prepaid Purchase Transaction(International),16382.57,5094.37,PURCHASE,1
T00033078,C000091,2024-04-26 04:12:03,2024-04-26 04:14:01,M48396,Transport 320,ASTANA,KZ,4111,0004 - Installment,1308122001: Debit Purchase Transaction(International),231511.73,231511.73,PURCHASE,1
T00033325,C000402,2024-04-29 19:53:36,2024-04-29 19:53:58,M40564,Hotel 640,BERLIN,DE,7011,ECOMMERCE,1308112001: Debit Purchase Transaction(Domestic),25609.42,25448.62,PURCHASE,1
T00033387,C000136,2024-04-30 12:18:53,2024-04-30 12:19:59,M54405,Jewelry 174,BUSAN,KR,5944,0110 - Swipe,1308182001: Cash Withdrawal Transaction(International),95222.98,95222.98,PURCHASE,1
T00033408,C000371,2024-05-01 00:04:18,2024-05-01 00:05:38,M80166,Cafe and restaraunts 570,SHYMKENT,KZ,4816,0006 - Cash,1308112001: Debit Purchase Transaction(Domestic),60.58,60.58,PURCHASE,1
T00033411,C000052,2024-05-01 02:22:27,2024-05-01 02:24:07,M34261,Unknown Merchant,KRAKOW,PL,5065,MAGNETIC,1308112001: Debit Purchase Transaction(Domestic),275945.38,44514.22,PURCHASE,1
T00033428,C000327,2024-05-01 11:01:23,2024-05-01 11:01:34,M51048,Unknown Merchant,SEMEY,KZ,5065,MAGNETIC,1308112001: Debit Purchase Transaction(Domestic),284340.22,3759.51,WITHDRAWAL,1
T00033503,C000116,2024-05-02 13:43:35,2024-05-02 13:44:15,M49502,ATM Withdrawal,TARAZ,KZ,6011,0005 - Preauthorized,1308262001: Bill Payment Transaction(International),158982.97,158982.97,WITHDRAWAL,1
T00033669,C000442,2024-05-05 01:10:49,2024-05-05 01:10:54,M35391,Online store 784,SHYMKENT,KZ,5999,0110 - Swipe,1308242001: Transfer Transaction(International),49676.02,3700.25,REFUND,1
T00033672,C000004,2024-05-05 03:14:26,2024-05-05 03:15:13,M60874,Unknown Merchant,SINGAPORE,SGP,5065,MAGNETIC,1308212001: Refund Transaction(Domestic),264848.11,7882.29,PURCHASE,1
T00033675,C000159,2024-05-05 03:32:17,2024-05-05 03:34:12,M29620,Unknown Merchant,SHANGHAI,CN,5944,MAGNETIC,1308152001: Prepaid Purchase Transaction(Domestic),87935.25,980.42,WITHDRAWAL,1
T00033696,C000063,2024-05-05 12:13:45,2024-05-05 12:14:58,M83443,Unknown Merchant,SYDNEY,AU,5944,MAGNETIC,1308132001: Credit Purchase Transaction(Domestic),118390.16,30205.73,PURCHASE,1
T00033705,C000135,2024-05-05 14:51:53,2024-05-05 14:52:47,M60944,Transport 495,ASTANA,KZ,4816,0720 - Contactless - VSDC magstripe,1308132001: Credit Purchase Transaction(Domestic),5.03,5.03,PURCHASE,1
T00033735,C000232,2024-05-06 02:57:46,2024-05-06 02:57:51,M49009,Supermarket 725,KUALA LUMPUR,MY,5411,0007 - Other,1308182001: Cash Withdrawal Transaction(International),57327.73,1910.44,REFUND,1
T00033831,C000447,2024-05-07 15:18:31,2024-05-07 15:20:08,M40174,Transport 313,BUKHARA,UZ,4111,ECOMMERCE,1308142001: Credit Purchase Transaction(International),863.66,838.11,WITHDRAWAL,1
T00033863,C000107,2024-05-08 04:00:27,2024-05-08 04:01:33,M86612,Online store 392,SAO PAULO,BR,5999,0000 - Unknown,1308282001: Other Transaction(International),101447.04,101447.04,PURCHASE,1
T00033966,C000070,2024-05-09 17:41:40,2024-05-09 17:42:15,M67891,Elecrtronics 348,PAVLODAR,KZ,4816,0110 - Swipe,1308132001: Credit Purchase Transaction(Domestic),6.5,6.5,WITHDRAWAL,1
T00033980,C000088,2024-05-09 22:25:18,2024-05-09 22:26:00,M45111,Online store 22,KOSTANAY,KZ,4816,0005 - Preauthorized,1308132001: Credit Purchase Transaction(Domestic),22.0,22.0,PURCHASE,1
T00034020,C000425,2024-05-10 11:14:31,2024-05-10 11:16:22,M79890,Unknown Merchant,PAVLODAR,KZ,5065,MAGNETIC,1308172001: Cash Withdrawal Transaction(Domestic),168060.84,597.04,TRANSFER,1
T00034059,C000326,2024-05-11 00:41:33,2024-05-11 00:41:38,M59832,Cafe and restaraunts 299,BUSAN,KR,5812,0007 - Other,1308242001: Transfer Transaction(International),55426.69,1119.01,WITHDRAWAL,1
T00034103,C000459,2024-05-11 16:44:51,2024-05-11 16:44:57,M11437,Supermarket 242,ASTANA,KZ,5411,0710 - Contactless - VSDC chip,1308262001: Bill Payment Transaction(International),310880.72,310880.72,PURCHASE,1
T00034145,C000151,2024-05-12 04:01:31,2024-05-12 04:01:36,M99870,Digital Service 641,TALDYKORGAN,KZ,4816,0002 - Mail/Phone order,1308222001: Refund Transaction(International),31395.73,8476.16,PURCHASE,1
T00034187,C000097,2024-05-12 17:11:19,2024-05-12 17:11:53,M99670,Unknown Merchant,SHYMKENT,KZ,5065,MAGNETIC,1308142001: Credit Purchase Transaction(International),99926.09,4041.39,PURCHASE,1
T00034274,C000142,2024-05-13 22:38:03,2024-05-13 22:39:47,M18757,Unknown Merchant,ALMATY,KZ,5944,MAGNETIC,1308252001: Bill Payment Transaction(Domestic),84354.03,403.99,WITHDRAWAL,1
T00034367,C000453,2024-05-15 03:30:08,2024-05-15 03:30:13,M62313,Hotel 473,SHYMKENT,KZ,7011,0001 - E-commerce,1308242001: Transfer Transaction(International),291622.59,42867.27,WITHDRAWAL,1
T00034434,C000002,2024-05-16 00:58:43,2024-05-16 00:58:48,M53105,Digital Service 404,TARAZ,KZ,4816,0510 - Contactless - Magstripe,1308212001: Refund Transaction(Domestic),26558.39,6248.57,PURCHASE,1
T00034510,C000137,2024-05-16 21:42:12,2024-05-16 21:43:42,M28545,Digital Service 7,ROTTERDAM,NL,4816,0004 - Installment,1308272001: Other Transaction(Domestic),231390.42,231390.42,PURCHASE,1
T00034592,C000121,2024-05-18 03:48:04,2024-05-18 03:48:06,M93420,Unknown Merchant,PAVLODAR,KZ,5944,MAGNETIC,1308142001: Credit Purchase Transaction(International),87224.43,107699.71,TRANSFER,1
T00034653,C000461,2024-05-19 03:39:36,2024-05-19 03:41:24,M16066,Unknown Merchant,BUSAN,KR,5944,MAGNETIC,1308182001: Cash Withdrawal Transaction(International),224770.68,3759.75,PURCHASE,1
T00034661,C000383,2024-05-19 04:55:56,2024-05-19 04:56:01,M74561,Digital Service 589,MEXICO CITY,MX,4816,0720 - Contactless - VSDC magstripe,1308172001: Cash Withdrawal Transaction(Domestic),24974.59,5821.24,PURCHASE,1
T00034663,C000014,2024-05-19 05:36:35,2024-05-19 05:38:05,M76527,Unknown Merchant,KRAKOW,PL,5065,MAGNETIC,1308132001: Credit Purchase Transaction(Domestic),274509.4,1398.91,PURCHASE,1
T00034760,C000344,2024-05-20 11:57:20,2024-05-20 11:58:29,M40621,ATM Withdrawal,PAVLODAR,KZ,4816,0006 - Cash,1308142001: Credit Purchase Transaction(International),30.45,30.45,PURCHASE,1
T00034841,C000442,2024-05-21 13:39:11,2024-05-21 13:40:07,M36921,Unknown Merchant,KOSTANAY,KZ,5065,MAGNETIC,1308242001: Transfer Transaction(International),87299.56,99.93,REFUND,1
T00034871,C000167,2024-05-22 00:38:43,2024-05-22 00:40:33,M36592,Supermarket 110,MELBOURNE,AU,5411,ECOMMERCE,1308152001: Prepaid Purchase Transaction(Domestic),100.0,97.71,PURCHASE,1
T00035005,C000380,2024-05-23 17:11:06,2024-05-23 17:11:20,M20305,Hotel 287,KOSTANAY,KZ,4816,0720 - Contactless - VSDC magstripe,1308202001: Balance Inquiry Transaction(International),10.46,10.46,REFUND,1
T00035019,C000481,2024-05-23 20:13:33,2024-05-23 20:14:29,M41237,Jewelry 239,BARCELONA,ES,4816,0710 - Contactless - VSDC chip,1308222001: Refund Transaction(International),17.77,17.77,PURCHASE,1
T00035021,C000450,2024-05-23 20:24:53,2024-05-23 20:25:55,M12956,Unknown Merchant,SAMARKAND,UZ,5065,MAGNETIC,1308182001: Cash Withdrawal Transaction(International),202032.57,39517.93,PURCHASE,1
T00035039,C000026,2024-05-24 03:11:54,2024-05-24 03:11:59,M57524,Pharmacy 873,TARAZ,KZ,5912,0004 - Installment,1308212001: Refund Transaction(Domestic),28221.11,2508.15,PURCHASE,1
T00035092,C000215,2024-05-24 20:08:31,2024-05-24 20:09:26,M42220,Digital Service 100,MILAN,IT,4816,ECOMMERCE,1308172001: Cash Withdrawal Transaction(Domestic),4497.6,4412.91,WITHDRAWAL,1
T00035102,C000150,2024-05-24 22:44:50,2024-05-24 22:45:28,M95061,Transport 316,GOTHENBURG,SE,4111,ECOMMERCE,1308272001: Other Transaction(Domestic),389.81,381.39,PURCHASE,1
T00035111,C000216,2024-05-25 00:34:57,2024-05-25 00:36:17,M48526,Online store 213,KARAGANDA,KZ,4816,0800 - Contactless - Magstripe,1308212001: Refund Transaction(Domestic),16.34,16.34,REFUND,1
T00035154,C000441,2024-05-25 13:54:12,2024-05-25 13:54:28,M19372,Transport 913,SHANGHAI,CN,4111,ECOMMERCE,1308112001: Debit Purchase Transaction(Domestic),779.34,757.59,PURCHASE,1
T00035161,C000313,2024-05-25 15:55:01,2024-05-25 15:55:22,M53405,Cafe and restaraunts 60,AKTAU,KZ,5812,0007 - Other,1308122001: Debit Purchase Transaction(International),324964.01,324964.01,PURCHASE,1
T00035179,C000192,2024-05-25 23:49:20,2024-05-25 23:50:54,M38626,Unknown Merchant,TARAZ,KZ,5065,MAGNETIC,1308262001: Bill Payment Transaction(International),159729.23,10119.25,PURCHASE,1
T00035191,C000369,2024-05-26 03:54:09,2024-05-26 03:54:56,M33341,Jewelry 606,ALMATY,KZ,4816,0004 - Installment,1308122001: Debit Purchase Transaction(International),52.68,52.68,WITHDRAWAL,1
T00035256,C000322,2024-05-27 00:57:13,2024-05-27 00:57:18,M64241,Jewelry 811,PAVLODAR,KZ,5944,0710 - Contactless - VSDC chip,1308172001: Cash Withdrawal Transaction(Domestic),75953.73,23742.06,PURCHASE,1
T00035257,C000243,2024-05-27 01:07:43,2024-05-27 01:07:48,M23261,Jewelry 18,SEMEY,KZ,5944,0710 - Contactless - VSDC chip,1308242001: Transfer Transaction(International),11628.84,58438.09,TRANSFER,1
T00035259,C000214,2024-05-27 01:24:14,2024-05-27 01:24:19,M21677,Elecrtronics 539,PAVLODAR,KZ,5065,0001 - E-commerce,1308162001: Prepaid Purchase Transaction(International),20412.55,98.82,WITHDRAWAL,1
T00035266,C000220,2024-05-27 05:21:24,2024-05-27 05:22:39,M54146,Hotel 442,GOTHENBURG,SE,7011,ECOMMERCE,1308182001: Cash Withdrawal Transaction(International),33607.33,33191.43,WITHDRAWAL,1
T00035288,C000387,2024-05-27 10:39:51,2024-05-27 10:40:03,M47521,Unknown Merchant,BRASILIA,BR,5944,MAGNETIC,1308142001: Credit Purchase Transaction(International),226137.53,1263.45,PURCHASE,1
T00035389,C000456,2024-05-28 14:25:56,2024-05-28 14:25:58,M93434,Unknown Merchant,BARCELONA,ES,5944,MAGNETIC,1308282001: Other Transaction(International),222434.22,99.83,PURCHASE,1
T00035420,C000119,2024-05-29 00:13:25,2024-05-29 00:13:33,M29681,Hotel 220,SINGAPORE,SGP,4816,0008 - Not used,1308222001: Refund Transaction(International),47.29,47.29,PURCHASE,1
T00035542,C000228,2024-05-30 17:15:19,2024-05-30 17:16:16,M24987,Cafe and restaraunts 268,KARAGANDA,KZ,5812,0510 - Contactless - Magstripe,1308142001: Credit Purchase Transaction(International),962857.81,962857.81,PURCHASE,1
T00035554,C000167,2024-05-30 23:42:31,2024-05-30 23:43:45,M23582,Cafe and restaraunts 242,KOSTANAY,KZ,5812,0008 - Not used,1308152001: Prepaid Purchase Transaction(Domestic),295362.65,295362.65,WITHDRAWAL,1
T00035577,C000213,2024-05-31 10:01:05,2024-05-31 10:02:50,M25725,Unknown Merchant,ATYRAU,KZ,5065,MAGNETIC,1308222001: Refund Transaction(International),243607.96,71889.72,PURCHASE,1
T00035582,C000008,2024-05-31 12:22:16,2024-05-31 12:23:59,M25305,Unknown Merchant,KARAGANDA,KZ,5065,MAGNETIC,1308112001: Debit Purchase Transaction(Domestic),92069.92,4245.18,PURCHASE,1
T00035618,C000467,2024-06-01 05:18:33,2024-06-01 05:20:05,M17721,Unknown Merchant,MADRID,ES,5944,MAGNETIC,1308252001: Bill Payment Transaction(Domestic),202465.93,2153.23,REFUND,1
T00035730,C000105,2024-06-02 16:30:45,2024-06-02 16:31:20,M77123,Elecrtronics 970,SAMARKAND,UZ,5065,ECOMMERCE,1308172001: Cash Withdrawal Transaction(Domestic),42250.34,41961.32,PURCHASE,1
T00035733,C000057,2024-06-02 19:15:27,2024-06-02 19:15:36,M28548,Supermarket 339,RIO DE JANEIRO,BR,5411,ECOMMERCE,1308262001: Bill Payment Transaction(International),1859.62,1857.78,PURCHASE,1
T00035790,C000405,2024-06-03 15:21:51,2024-06-03 15:22:38,M27700,Jewelry 879,BATUMI,GE,5944,ECOMMERCE,1308132001: Credit Purchase Transaction(Domestic),69716.72,67833.16,PURCHASE,1
T00035829,C000093,2024-06-04 04:04:33,2024-06-04 04:04:38,M70090,Online store 670,ALMATY,KZ,5999,0004 - Installment,1308182001: Cash Withdrawal Transaction(International),61617.76,8560.31,PURCHASE,1
T00035864,C000224,2024-06-04 16:50:05,2024-06-04 16:51:09,M21640,Unknown Merchant,SEMEY,KZ,5065,MAGNETIC,1308272001: Other Transaction(Domestic),120059.32,12231.16,PURCHASE,1
T00035877,C000364,2024-06-04 22:35:38,2024-06-04 22:36:06,M54393,Supermarket 105,BERLIN,DE,5411,0730 - Contactless - VSDC chip,1308152001: Prepaid Purchase Transaction(Domestic),38272.25,38272.25,PURCHASE,1
T00035903,C000179,2024-06-05 08:26:52,2024-06-05 08:26:53,M82836,Unknown Merchant,ANKARA,TR,5944,MAGNETIC,1308122001: Debit Purchase Transaction(International),230798.69,45650.2,PURCHASE,1
T00035926,C000283,2024-06-05 15:57:46,2024-06-05 15:58:56,M68721,Hotel 392,AKTAU,KZ,4816,0001 - E-commerce,1308242001: Transfer Transaction(International),51.23,51.23,PURCHASE,1
T00035971,C000087,2024-06-06 03:28:15,2024-06-06 03:28:20,M55207,Digital Service 471,CANCUN,MX,4816,0002 - Mail/Phone order,1308172001: Cash Withdrawal Transaction(Domestic),56711.06,3389.58,PURCHASE,1
T00036061,C000383,2024-06-07 08:10:04,2024-06-07 08:11:36,M93323,Unknown Merchant,ATYRAU,KZ,5944,MAGNETIC,1308172001: Cash Withdrawal Transaction(Domestic),95141.51,2608.76,WITHDRAWAL,1
T00036093,C000088,2024-06-07 17:46:18,2024-06-07 17:47:12,M18253,Hotel 539,TALDYKORGAN,KZ,7011,0710 - Contactless - VSDC chip,1308132001: Credit Purchase Transaction(Domestic),148084.47,148084.47,PURCHASE,1
T00036095,C000147,2024-06-07 18:22:15,2024-06-07 18:23:49,M12624,Unknown Merchant,SHYMKENT,KZ,5944,MAGNETIC,1308272001: Other Transaction(Domestic),291538.68,44326.46,PURCHASE,1
T00036135,C000056,2024-06-08 09:38:40,2024-06-08 09:39:35,M64925,Cafe and restaraunts 303,MIAMI,US,5812,0710 - Contactless - VSDC chip,1308242001: Transfer Transaction(International),73196.08,73196.08,PURCHASE,1
T00036184,C000435,2024-06-09 02:52:09,2024-06-09 02:52:14,M25350,Supermarket 941,SHYMKENT,KZ,5411,0003 - Recurring,1308272001: Other Transaction(Domestic),87877.29,5147.3,WITHDRAWAL,1
T00036368,C000143,2024-06-12 00:40:27,2024-06-12 00:42:03,M71074,Jewelry 104,ALMATY,KZ,4816,0120 - Keyin,1308172001: Cash Withdrawal Transaction(Domestic),41.0,41.0,PURCHASE,1
T00036491,C000117,2024-06-13 22:32:07,2024-06-13 22:33:55,M37161,Pharmacy 451,KARAGANDA,KZ,4816,0006 - Cash,1308262001: Bill Payment Transaction(International),95.76,95.76,PURCHASE,1
T00036518,C000426,2024-06-14 10:05:16,2024-06-14 10:06:36,M48515,Transport 259,ALMATY,KZ,4111,0710 - Contactless - VSDC chip,1308192001: Balance Inquiry Transaction(Domestic),46695.01,46695.01,PURCHASE,1
T00036552,C000032,2024-06-14 19:27:14,2024-06-14 19:28:49,M38724,Elecrtronics 699,TALDYKORGAN,KZ,4816,0002 - Mail/Phone order,1308252001: Bill Payment Transaction(Domestic),48.16,48.16,PURCHASE,1
T00036568,C000350,2024-06-15 01:24:07,2024-06-15 01:24:12,M82094,Hotel 747,PAVLODAR,KZ,7011,0730 - Contactless - VSDC chip,1308152001: Prepaid Purchase Transaction(Domestic),128436.65,23934.06,PURCHASE,1
T00036661,C000354,2024-06-16 10:45:38,2024-06-16 10:47:17,M27247,Jewelry 213,FRANKFURT,DE,4816,0003 - Recurring,1308262001: Bill Payment Transaction(International),53.41,53.41,PURCHASE,1
T00036678,C000217,2024-06-16 16:40:19,2024-06-16 16:41:17,M88045,Unknown Merchant,SHYMKENT,KZ,5065,MAGNETIC,1308212001: Refund Transaction(Domestic),171657.71,1660.3,WITHDRAWAL,1
T00036689,C000331,2024-06-16 21:35:39,2024-06-16 21:37:29,M87271,Hotel 250,TALDYKORGAN,KZ,4816,0002 - Mail/Phone order,1308212001: Refund Transaction(Domestic),38.81,38.81,PURCHASE,1
T00036801,C000382,2024-06-18 11:23:05,2024-06-18 11:23:11,M19892,Transport 947,ANTALYA,TR,4111,ECOMMERCE,1308182001: Cash Withdrawal Transaction(International),1801.39,1795.4,PURCHASE,1
T00036828,C000073,2024-06-18 20:46:17,2024-06-18 20:47:52,M89605,Pharmacy 998,RIO DE JANEIRO,BR,5912,ECOMMERCE,1308122001: Debit Purchase Transaction(International),2627.99,2584.51,PURCHASE,1
T00036857,C000091,2024-06-19 07:48:11,2024-06-19 07:49:05,M12175,ATM Withdrawal,SYDNEY,AU,6011,ECOMMERCE,1308122001: Debit Purchase Transaction(International),24811.44,24768.21,PURCHASE,1
T00036883,C000385,2024-06-19 19:28:09,2024-06-19 19:29:46,M49188,Elecrtronics 963,MARSEILLE,FR,5065,0005 - Preauthorized,1308172001: Cash Withdrawal Transaction(Domestic),58623.4,58623.4,WITHDRAWAL,1
T00036912,C000214,2024-06-20 04:59:51,2024-06-20 05:01:40,M73819,Online store 968,PHUKET,TH,5999,ECOMMERCE,1308162001: Prepaid Purchase Transaction(International),12402.49,12325.32,WITHDRAWAL,1
T00036956,C000287,2024-06-20 23:10:26,2024-06-20 23:11:48,M20999,Jewelry 42,MANCHESTER,GB,5944,ECOMMERCE,1308222001: Refund Transaction(International),22999.59,22594.33,PURCHASE,1
T00036963,C000455,2024-06-21 01:09:38,2024-06-21 01:10:30,M71057,Elecrtronics 144,ASTANA,KZ,4816,0000 - Unknown,1308202001: Balance Inquiry Transaction(International),93.5,93.5,PURCHASE,1
T00037040,C000317,2024-06-21 22:59:09,2024-06-21 22:59:41,M93522,Elecrtronics 585,SHYMKENT,KZ,5065,0003 - Recurring,1308202001: Balance Inquiry Transaction(International),227933.69,227933.69,PURCHASE,1
T00037052,C000490,2024-06-22 04:11:55,2024-06-22 04:12:00,M41632,Cafe and restaraunts 919,PAVLODAR,KZ,5812,0120 - Keyin,1308142001: Credit Purchase Transaction(International),87348.78,3170.23,PURCHASE,1
T00037107,C000398,2024-06-22 20:52:30,2024-06-22 20:52:33,M99160,Online store 111,SAO PAULO,BR,5999,ECOMMERCE,1308142001: Credit Purchase Transaction(International),1483.48,1445.27,PURCHASE,1
T00037153,C000313,2024-06-23 12:02:37,2024-06-23 12:03:29,M34289,Pharmacy 418,BISHKEK,KG,5912,ECOMMERCE,1308122001: Debit Purchase Transaction(International),2526.36,2473.66,WITHDRAWAL,1
T00037241,C000276,2024-06-24 17:08:05,2024-06-24 17:08:59,M34767,Pharmacy 73,MOSCOW,RU,5912,ECOMMERCE,1308152001: Prepaid Purchase Transaction(Domestic),1785.09,1750.49,PURCHASE,1
T00037277,C000017,2024-06-25 05:58:38,2024-06-25 06:00:23,M25326,ATM Withdrawal,ANTALYA,TR,6011,ECOMMERCE,1308282001: Other Transaction(International),12462.01,12157.97,PURCHASE,1
T00037324,C000262,2024-06-26 01:29:18,2024-06-26 01:30:46,M48634,Unknown Merchant,SHYMKENT,KZ,5944,MAGNETIC,1308152001: Prepaid Purchase Transaction(Domestic),227068.74,1069.99,PURCHASE,1
T00037369,C000471,2024-06-26 15:49:54,2024-06-26 15:51:27,M58699,Cafe and restaraunts 131,TOKYO,JP,5812,ECOMMERCE,1308132001: Credit Purchase Transaction(Domestic),5241.9,5200.68,PURCHASE,1
T00037464,C000240,2024-06-28 06:54:43,2024-06-28 06:55:39,M39695,ATM Withdrawal,TARAZ,KZ,6011,0510 - Contactless - Magstripe,1308172001: Cash Withdrawal Transaction(Domestic),58134.77,58134.77,PURCHASE,1
T00037497,C000347,2024-06-28 17:23:40,2024-06-28 17:24:41,M36430,Pharmacy 673,KOSTANAY,KZ,4816,0003 - Recurring,1308122001: Debit Purchase Transaction(International),90.5,90.5,PURCHASE,1
T00037520,C000429,2024-06-29 01:39:52,2024-06-29 01:39:56,M89854,ATM Withdrawal,ALMATY,KZ,4816,0510 - Contactless - Magstripe,1308252001: Bill Payment Transaction(Domestic),58.93,58.93,PURCHASE,1
T00037542,C000147,2024-06-29 08:34:29,2024-06-29 08:35:38,M79219,ATM Withdrawal,GUANGZHOU,CN,4816,0000 - Unknown,1308272001: Other Transaction(Domestic),31.65,31.65,PURCHASE,1
T00037543,C000092,2024-06-29 08:36:57,2024-06-29 08:37:24,M34871,Unknown Merchant,SHYMKENT,KZ,5065,MAGNETIC,1308262001: Bill Payment Transaction(International),269094.26,98.65,PURCHASE,1
T00037574,C000334,2024-06-29 22:32:13,2024-06-29 22:32:35,M60310,Unknown Merchant,AKTAU,KZ,5065,MAGNETIC,1308132001: Credit Purchase Transaction(Domestic),110364.38,34985.22,PURCHASE,1
T00037597,C000006,2024-06-30 07:04:09,2024-06-30 07:04:16,M54114,Supermarket 483,SAO PAULO,BR,4816,0720 - Contactless - VSDC magstripe,1308262001: Bill Payment Transaction(International),55.27,55.27,PURCHASE,1
T00037637,C000117,2024-06-30 20:17:09,2024-06-30 20:18:55,M96984,Online store 564,MUMBAI,IN,5999,ECOMMERCE,1308262001: Bill Payment Transaction(International),11883.01,11676.38,PURCHASE,1
T00037665,C000044,2024-07-01 04:46:37,2024-07-01 04:46:42,M54043,Transport 806,TALDYKORGAN,KZ,4111,1000 - Credential on file,1308162001: Prepaid Purchase Transaction(International),47690.68,895.3,PURCHASE,1
T00037691,C000183,2024-07-01 16:19:42,2024-07-01 16:21:20,M98709,Cafe and restaraunts 529,VANCOUVER,CA,4816,0720 - Contactless - VSDC magstripe,1308202001: Balance Inquiry Transaction(International),71.4,71.4,PURCHASE,1
T00037701,C000313,2024-07-01 20:48:17,2024-07-01 20:48:37,M36851,Pharmacy 933,SEMEY,KZ,5912,1000 - Credential on file,1308122001: Debit Purchase Transaction(International),203914.64,203914.64,PURCHASE,1
T00037793,C000078,2024-07-03 06:23:08,2024-07-03 06:23:47,M46125,Jewelry 170,ZURICH,CH,5944,ECOMMERCE,1308282001: Other Transaction(International),15758.88,15458.81,PURCHASE,1
T00037871,C000311,2024-07-04 11:31:46,2024-07-04 11:32:10,M66501,Elecrtronics 756,BISHKEK,KG,5065,ECOMMERCE,1308192001: Balance Inquiry Transaction(Domestic),44098.72,42958.67,PURCHASE,1
T00037872,C000333,2024-07-04 11:33:02,2024-07-04 11:34:19,M78151,Unknown Merchant,SEMEY,KZ,5944,MAGNETIC,1308182001: Cash Withdrawal Transaction(International),100583.87,7542.8,PURCHASE,1
T00037898,C000373,2024-07-04 19:02:34,2024-07-04 19:04:05,M78496,Hotel 430,SHANGHAI,CN,4816,1000 - Credential on file,1308162001: Prepaid Purchase Transaction(International),4.92,4.92,REFUND,1
T00038003,C000110,2024-07-06 04:50:41,2024-07-06 04:50:46,M20603,Cafe and restaraunts 299,SEMEY,KZ,5812,0720 - Contactless - VSDC magstripe,1308112001: Debit Purchase Transaction(Domestic),6404.69,1374.11,WITHDRAWAL,1
T00038012,C000021,2024-07-06 07:49:54,2024-07-06 07:51:06,M75779,Digital Service 446,KARAGANDA,KZ,4816,0007 - Other,1308152001: Prepaid Purchase Transaction(Domestic),54.2,54.2,PURCHASE,1
T00038037,C000214,2024-07-06 16:23:50,2024-07-06 16:23:54,M75354,Digital Service 415,BUKHARA,UZ,4816,ECOMMERCE,1308162001: Prepaid Purchase Transaction(International),10908.37,10581.76,PURCHASE,1
T00038043,C000166,2024-07-06 19:19:44,2024-07-06 19:20:36,M11728,Digital Service 340,ATYRAU,KZ,4816,0120 - Keyin,1308272001: Other Transaction(Domestic),35.79,35.79,WITHDRAWAL,1
T00038207,C000326,2024-07-09 09:08:20,2024-07-09 09:08:44,M52496,Transport 171,PARIS,FR,4111,ECOMMERCE,1308242001: Transfer Transaction(International),1323.26,1312.55,REFUND,1
T00038217,C000212,2024-07-09 11:55:52,2024-07-09 11:56:24,M64114,Hotel 330,TALDYKORGAN,KZ,4816,0510 - Contactless - Magstripe,1308182001: Cash Withdrawal Transaction(International),2.18,2.18,PURCHASE,1
T00038228,C000082,2024-07-09 16:42:23,2024-07-09 16:42:28,M52063,Pharmacy 689,TARAZ,KZ,4816,0800 - Contactless - Magstripe,1308112001: Debit Purchase Transaction(Domestic),49.29,49.29,WITHDRAWAL,1
T00038235,C000448,2024-07-09 17:46:28,2024-07-09 17:48:23,M27779,ATM Withdrawal,PAVLODAR,KZ,6011,1000 - Credential on file,1308272001: Other Transaction(Domestic),101102.51,101102.51,PURCHASE,1
T00038287,C000244,2024-07-10 12:37:49,2024-07-10 12:38:03,M68417,Supermarket 925,ATYRAU,KZ,5411,0004 - Installment,1308152001: Prepaid Purchase Transaction(Domestic),54989.48,54989.48,PURCHASE,1
T00038324,C000332,2024-07-11 02:51:24,2024-07-11 02:51:29,M16668,Supermarket 730,TARAZ,KZ,5411,0008 - Not used,1308272001: Other Transaction(Domestic),86927.37,787.93,PURCHASE,1
T00038395,C000333,2024-07-11 22:58:56,2024-07-11 22:59:06,M17107,Elecrtronics 516,STOCKHOLM,SE,4816,0800 - Contactless - Magstripe,1308182001: Cash Withdrawal Transaction(International),31.68,31.68,PURCHASE,1
T00038413,C000201,2024-07-12 03:25:11,2024-07-12 03:26:34,M88129,Online store 532,BARCELONA,ES,4816,0007 - Other,1308192001: Balance Inquiry Transaction(Domestic),44.54,44.54,PURCHASE,1
T00038471,C000142,2024-07-13 08:05:04,2024-07-13 08:05:10,M81048,Transport 418,BANGKOK,TH,4111,ECOMMERCE,1308252001: Bill Payment Transaction(Domestic),940.09,911.93,PURCHASE,1
T00038488,C000302,2024-07-13 13:42:49,2024-07-13 13:43:37,M46748,Jewelry 890,ATYRAU,KZ,4816,0710 - Contactless - VSDC chip,1308262001: Bill Payment Transaction(International),35.63,35.63,TRANSFER,1
T00038519,C000275,2024-07-14 00:05:40,2024-07-14 00:05:45,M62043,Supermarket 22,KARAGANDA,KZ,5411,0710 - Contactless - VSDC chip,1308152001: Prepaid Purchase Transaction(Domestic),140125.71,98.28,PURCHASE,1
T00038579,C000069,2024-07-15 00:10:35,2024-07-15 00:12:10,M84179,Pharmacy 170,SEMEY,KZ,5912,0000 - Unknown,1308242001: Transfer Transaction(International),450892.85,450892.85,TRANSFER,1
T00038591,C000006,2024-07-15 03:48:15,2024-07-15 03:48:43,M46275,Transport 716,SEMEY,KZ,4816,0720 - Contactless - VSDC magstripe,1308262001: Bill Payment Transaction(International),41.33,41.33,PURCHASE,1
T00038670,C000365,2024-07-16 03:37:13,2024-07-16 03:38:26,M89915,Cafe and restaraunts 631,KRAKOW,PL,4816,1000 - Credential on file,1308162001: Prepaid Purchase Transaction(International),21.23,21.23,REFUND,1
T00038703,C000418,2024-07-16 14:50:46,2024-07-16 14:50:50,M82371,Supermarket 725,KARAGANDA,KZ,4816,0120 - Keyin,1308142001: Credit Purchase Transaction(International),10.81,10.81,PURCHASE,1
T00038715,C000006,2024-07-16 18:24:06,2024-07-16 18:24:27,M86485,Jewelry 369,ATYRAU,KZ,5944,0007 - Other,1308262001: Bill Payment Transaction(International),50803.52,50803.52,PURCHASE,1
T00038740,C000246,2024-07-17 01:21:17,2024-07-17 01:21:22,M82109,Cafe and restaraunts 468,STOCKHOLM,SE,5812,0720 - Contactless - VSDC magstripe,1308122001: Debit Purchase Transaction(International),32473.96,4309.88,REFUND,1
T00038879,C000083,2024-07-19 02:07:48,2024-07-19 02:09:06,M49129,Cafe and restaraunts 539,BUSAN,KR,4816,0006 - Cash,1308202001: Balance Inquiry Transaction(International),87.05,87.05,PURCHASE,1
T00038882,C000371,2024-07-19 03:11:08,2024-07-19 03:11:58,M87311,Unknown Merchant,ASTANA,KZ,5065,MAGNETIC,1308112001: Debit Purchase Transaction(Domestic),173741.39,44575.6,PURCHASE,1
T00038985,C000404,2024-07-20 13:59:43,2024-07-20 14:01:39,M11340,Cafe and restaraunts 974,TALDYKORGAN,KZ,4816,0120 - Keyin,1308132001: Credit Purchase Transaction(Domestic),91.0,91.0,PURCHASE,1
T00039030,C000042,2024-07-21 06:51:24,2024-07-21 06:52:58,M80055,Online store 24,OSH,KG,4816,0003 - Recurring,1308182001: Cash Withdrawal Transaction(International),39.69,39.69,PURCHASE,1
T00039071,C000228,2024-07-21 21:27:49,2024-07-21 21:27:51,M28419,Jewelry 43,BARCELONA,ES,5944,1000 - Credential on file,1308142001: Credit Purchase Transaction(International),596284.81,596284.81,PURCHASE,1
T00039251,C000279,2024-07-24 14:31:04,2024-07-24 14:32:31,M60332,Supermarket 760,BEIJING,CN,5411,ECOMMERCE,1308162001: Prepaid Purchase Transaction(International),12126.92,12000.77,PURCHASE,1
T00039266,C000366,2024-07-24 18:30:37,2024-07-24 18:32:25,M98460,Transport 961,LONDON,GB,4111,0003 - Recurring,1308132001: Credit Purchase Transaction(Domestic),425254.85,425254.85,WITHDRAWAL,1
T00039290,C000255,2024-07-25 04:41:57,2024-07-25 04:42:48,M96578,Elecrtronics 720,KUALA LUMPUR,MY,5065,0002 - Mail/Phone order,1308282001: Other Transaction(International),197128.19,197128.19,PURCHASE,1
T00039305,C000207,2024-07-25 08:39:54,2024-07-25 08:40:28,M86307,Unknown Merchant,ABU DHABI,AE,5065,MAGNETIC,1308252001: Bill Payment Transaction(Domestic),239849.64,1201.51,PURCHASE,1
T00039439,C000297,2024-07-27 06:02:54,2024-07-27 06:03:37,M18706,Transport 871,TARAZ,KZ,4111,0000 - Unknown,1308152001: Prepaid Purchase Transaction(Domestic),165009.03,165009.03,WITHDRAWAL,1
T00039469,C000465,2024-07-27 16:58:00,2024-07-27 16:58:45,M98466,Unknown Merchant,KOSTANAY,KZ,5944,MAGNETIC,1308182001: Cash Withdrawal Transaction(International),238513.82,97.62,PURCHASE,1
T00039513,C000100,2024-07-28 08:20:20,2024-07-28 08:20:32,M64270,ATM Withdrawal,BUSAN,KR,4816,0005 - Preauthorized,1308112001: Debit Purchase Transaction(Domestic),2.86,2.86,PURCHASE,1
T00039564,C000240,2024-07-29 02:26:40,2024-07-29 02:26:45,M56785,Cafe and restaraunts 527,ALMATY,KZ,5812,0730 - Contactless - VSDC chip,1308172001: Cash Withdrawal Transaction(Domestic),47840.68,1794.08,PURCHASE,1
T00039567,C000470,2024-07-29 02:55:24,2024-07-29 02:57:02,M19373,Unknown Merchant,AKTAU,KZ,5065,MAGNETIC,1308182001: Cash Withdrawal Transaction(International),114789.95,98.31,PURCHASE,1
T00039627,C000097,2024-07-30 03:19:06,2024-07-30 03:20:06,M98321,Unknown Merchant,ASTANA,KZ,5944,MAGNETIC,1308142001: Credit Purchase Transaction(International),110135.38,5380.62,WITHDRAWAL,1
T00039702,C000276,2024-07-31 03:49:04,2024-07-31 03:49:09,M25000,Pharmacy 613,ATYRAU,KZ,5912,0510 - Contactless - Magstripe,1308152001: Prepaid Purchase Transaction(Domestic),103425.66,3724.66,PURCHASE,1
T00039831,C000106,2024-08-02 03:20:53,2024-08-02 03:20:58,M27342,Digital Service 145,KOSTANAY,KZ,4816,0730 - Contactless - VSDC chip,1308222001: Refund Transaction(International),25819.3,5708.63,PURCHASE,1
T00039890,C000349,2024-08-03 04:30:35,2024-08-03 04:30:40,M34061,Hotel 175,KARAGANDA,KZ,7011,0720 - Contactless - VSDC magstripe,1308142001: Credit Purchase Transaction(International),17579.23,38352.85,PURCHASE,1
T00039968,C000433,2024-08-04 09:12:31,2024-08-04 09:14:05,M84298,Unknown Merchant,TALDYKORGAN,KZ,5065,MAGNETIC,1308212001: Refund Transaction(Domestic),119754.41,47908.96,WITHDRAWAL,1
T00040061,C000449,2024-08-05 22:01:27,2024-08-05 22:02:59,M72153,Hotel 389,KOSTANAY,KZ,7011,0510 - Contactless - Magstripe,1308202001: Balance Inquiry Transaction(International),500645.46,500645.46,WITHDRAWAL,1
T00040181,C000081,2024-08-07 12:48:15,2024-08-07 12:49:24,M43378,Unknown Merchant,AKTAU,KZ,5944,MAGNETIC,1308272001: Other Transaction(Domestic),254540.52,1798.89,PURCHASE,1
T00040186,C000322,2024-08-07 15:13:55,2024-08-07 15:14:05,M33618,Digital Service 743,SHYMKENT,KZ,4816,0001 - E-commerce,1308172001: Cash Withdrawal Transaction(Domestic),102243.72,102243.72,PURCHASE,1
T00040220,C000260,2024-08-08 00:32:09,2024-08-08 00:33:21,M90587,Jewelry 859,SINGAPORE,SGP,5944,ECOMMERCE,1308192001: Balance Inquiry Transaction(Domestic),37995.04,37164.43,TRANSFER,1
T00040230,C000316,2024-08-08 03:30:03,2024-08-08 03:30:08,M31753,ATM Withdrawal,KARAGANDA,KZ,6011,0730 - Contactless - VSDC chip,1308212001: Refund Transaction(Domestic),40749.76,22276.05,WITHDRAWAL,1
T00040301,C000482,2024-08-09 00:45:54,2024-08-09 00:45:59,M53224,Pharmacy 977,TALDYKORGAN,KZ,5912,0720 - Contactless - VSDC magstripe,1308212001: Refund Transaction(Domestic),182533.24,2841.51,PURCHASE,1
T00040325,C000094,2024-08-09 05:56:14,2024-08-09 05:56:31,M86298,Online store 875,TALDYKORGAN,KZ,4816,0800 - Contactless - Magstripe,1308202001: Balance Inquiry Transaction(International),57.66,57.66,PURCHASE,1
T00040396,C000335,2024-08-10 03:51:32,2024-08-10 03:51:37,M40137,Elecrtronics 86,GENEVA,CH,5065,0720 - Contactless - VSDC magstripe,1308152001: Prepaid Purchase Transaction(Domestic),86692.12,33658.87,PURCHASE,1
T00040422,C000400,2024-08-10 10:53:36,2024-08-10 10:54:50,M40821,Elecrtronics 660,TALDYKORGAN,KZ,5065,0001 - E-commerce,1308152001: Prepaid Purchase Transaction(Domestic),60058.74,60058.74,WITHDRAWAL,1
T00040446,C000135,2024-08-10 22:12:05,2024-08-10 22:13:12,M31320,Elecrtronics 228,BUKHARA,UZ,5065,ECOMMERCE,1308132001: Credit Purchase Transaction(Domestic),29906.51,29561.0,PURCHASE,1
T00040464,C000010,2024-08-11 03:46:15,2024-08-11 03:46:20,M27121,Elecrtronics 212,GOTHENBURG,SE,5065,0006 - Cash,1308262001: Bill Payment Transaction(International),43492.66,11956.67,PURCHASE,1
T00040563,C000141,2024-08-12 15:36:47,2024-08-12 15:36:58,M41249,Elecrtronics 302,EDINBURGH,GB,5065,ECOMMERCE,1308112001: Debit Purchase Transaction(Domestic),18302.3,18178.69,PURCHASE,1
T00040585,C000296,2024-08-13 01:00:50,2024-08-13 01:01:33,M92248,Transport 242,AKTAU,KZ,4111,0000 - Unknown,1308162001: Prepaid Purchase Transaction(International),152003.52,152003.52,PURCHASE,1
T00040661,C000052,2024-08-14 02:09:45,2024-08-14 02:09:50,M81169,Pharmacy 445,SHYMKENT,KZ,5912,0720 - Contactless - VSDC magstripe,1308112001: Debit Purchase Transaction(Domestic),158951.08,1655.44,PURCHASE,1
T00040693,C000243,2024-08-14 14:01:48,2024-08-14 14:03:37,M47888,Pharmacy 227,MANCHESTER,GB,5912,ECOMMERCE,1308242001: Transfer Transaction(International),2864.89,2799.91,PURCHASE,1
T00040700,C000146,2024-08-14 17:02:19,2024-08-14 17:03:48,M85106,Unknown Merchant,KARAGANDA,KZ,5065,MAGNETIC,1308182001: Cash Withdrawal Transaction(International),95308.9,27261.64,PURCHASE,1
T00040718,C000196,2024-08-15 01:26:10,2024-08-15 01:26:15,M92953,Jewelry 131,SHYMKENT,KZ,5944,0710 - Contactless - VSDC chip,1308122001: Debit Purchase Transaction(International),28172.15,80960.88,PURCHASE,1
T00040741,C000104,2024-08-15 09:58:16,2024-08-15 09:59:08,M49634,Transport 831,DUBAI,AE,4111,ECOMMERCE,1308162001: Prepaid Purchase Transaction(International),1333.73,1297.31,PURCHASE,1
T00040744,C000292,2024-08-15 10:50:00,2024-08-15 10:51:25,M44735,Unknown Merchant,TARAZ,KZ,5065,MAGNETIC,1308122001: Debit Purchase Transaction(International),136599.91,23082.51,PURCHASE,1
T00040850,C000144,2024-08-17 00:35:10,2024-08-17 00:35:15,M13095,Transport 391,TALDYKORGAN,KZ,4111,0000 - Unknown,1308202001: Balance Inquiry Transaction(International),104116.21,425.91,WITHDRAWAL,1
T00040868,C000156,2024-08-17 07:42:26,2024-08-17 07:43:38,M38626,Cafe and restaraunts 959,SYDNEY,AU,4816,0720 - Contactless - VSDC magstripe,1308132001: Credit Purchase Transaction(Domestic),32.07,32.07,PURCHASE,1
T00040943,C000357,2024-08-18 04:40:43,2024-08-18 04:40:48,M93570,Cafe and restaraunts 177,TBILISI,GE,5812,0720 - Contactless - VSDC magstripe,1308242001: Transfer Transaction(International),82302.8,2213.94,PURCHASE,1
T00041110,C000274,2024-08-20 22:53:41,2024-08-20 22:54:38,M56506,Jewelry 906,FRANKFURT,DE,5944,ECOMMERCE,1308122001: Debit Purchase Transaction(International),29386.46,29370.3,PURCHASE,1
T00041162,C000138,2024-08-21 14:06:13,2024-08-21 14:06:54,M16789,Unknown Merchant,LONDON,GB,5065,MAGNETIC,1308202001: Balance Inquiry Transaction(International),92722.69,152423.18,PURCHASE,1
T00041168,C000191,2024-08-21 16:14:39,2024-08-21 16:15:46,M59969,Online store 17,SEMEY,KZ,5999,0004 - Installment,1308232001: Transfer Transaction(Domestic),416815.53,416815.53,PURCHASE,1
T00041221,C000380,2024-08-22 13:35:43,2024-08-22 13:36:59,M24903,Elecrtronics 139,CANCUN,MX,5065,ECOMMERCE,1308202001: Balance Inquiry Transaction(International),83643.94,82977.38,PURCHASE,1
T00041266,C000018,2024-08-23 08:14:17,2024-08-23 08:15:44,M77473,Unknown Merchant,SHYMKENT,KZ,5944,MAGNETIC,1308262001: Bill Payment Transaction(International),207215.99,2635.81,PURCHASE,1
T00041267,C000377,2024-08-23 08:35:25,2024-08-23 08:35:27,M83981,Hotel 844,CANCUN,MX,7011,ECOMMERCE,1308192001: Balance Inquiry Transaction(Domestic),38093.48,37503.09,PURCHASE,1
T00041273,C000338,2024-08-23 10:53:00,2024-08-23 10:53:15,M96982,ATM Withdrawal,TBILISI,GE,6011,ECOMMERCE,1308122001: Debit Purchase Transaction(International),25092.91,24427.17,REFUND,1
T00041311,C000484,2024-08-23 22:05:42,2024-08-23 22:05:51,M65250,ATM Withdrawal,LONDON,GB,4816,0006 - Cash,1308192001: Balance Inquiry Transaction(Domestic),86.68,86.68,PURCHASE,1
T00041328,C000082,2024-08-24 02:51:26,2024-08-24 02:51:31,M86711,Transport 998,GUANGZHOU,CN,4111,0008 - Not used,1308112001: Debit Purchase Transaction(Domestic),35585.31,446.77,PURCHASE,1
T00041374,C000486,2024-08-24 16:21:36,2024-08-24 16:23:07,M83937,Digital Service 588,ALMATY,KZ,4816,0120 - Keyin,1308282001: Other Transaction(International),54132.56,54132.56,PURCHASE,1
T00041412,C000129,2024-08-25 01:28:36,2024-08-25 01:28:41,M90962,Elecrtronics 387,KARAGANDA,KZ,5065,0730 - Contactless - VSDC chip,1308242001: Transfer Transaction(International),33996.52,59887.62,PURCHASE,1
T00041572,C000102,2024-08-27 12:12:49,2024-08-27 12:13:43,M82360,Hotel 385,KOSTANAY,KZ,4816,0001 - E-commerce,1308212001: Refund Transaction(Domestic),47.31,47.31,PURCHASE,1
T00041602,C000351,2024-08-27 21:18:50,2024-08-27 21:19:49,M36253,Transport 989,TARAZ,KZ,4816,0730 - Contactless - VSDC chip,1308262001: Bill Payment Transaction(International),17.0,17.0,PURCHASE,1
T00041645,C000381,2024-08-28 11:38:53,2024-08-28 11:39:37,M59383,Elecrtronics 893,KARAGANDA,KZ,5065,0001 - E-commerce,1308252001: Bill Payment Transaction(Domestic),153914.26,153914.26,PURCHASE,1
T00041661,C000051,2024-08-28 14:17:04,2024-08-28 14:18:51,M72946,Hotel 917,TARAZ,KZ,7011,0006 - Cash,1308172001: Cash Withdrawal Transaction(Domestic),96719.44,96719.44,PURCHASE,1
T00041765,C000064,2024-08-30 04:55:56,2024-08-30 04:56:01,M92263,Hotel 186,PAVLODAR,KZ,7011,0003 - Recurring,1308272001: Other Transaction(Domestic),75268.0,24495.7,PURCHASE,1
T00041783,C000417,2024-08-30 11:19:54,2024-08-30 11:20:41,M15384,Transport 990,STOCKHOLM,SE,4111,ECOMMERCE,1308222001: Refund Transaction(International),812.74,796.46,PURCHASE,1
T00041802,C000170,2024-08-30 18:39:10,2024-08-30 18:40:42,M68561,Transport 113,SYDNEY,AU,4111,ECOMMERCE,1308192001: Balance Inquiry Transaction(Domestic),1406.51,1402.81,PURCHASE,1
T00041829,C000356,2024-08-31 02:21:34,2024-08-31 02:23:33,M98665,Cafe and restaraunts 852,MANCHESTER,GB,4816,0003 - Recurring,1308262001: Bill Payment Transaction(International),20.73,20.73,PURCHASE,1
T00041843,C000399,2024-08-31 06:34:38,2024-08-31 06:36:23,M56376,Digital Service 145,SAO PAULO,BR,4816,ECOMMERCE,1308132001: Credit Purchase Transaction(Domestic),2401.45,2335.73,WITHDRAWAL,1
T00041844,C000328,2024-08-31 07:35:36,2024-08-31 07:35:46,M66961,Unknown Merchant,OSAKA,JP,5065,MAGNETIC,1308242001: Transfer Transaction(International),266121.65,77861.71,WITHDRAWAL,1
T00041884,C000146,2024-08-31 21:32:11,2024-08-31 21:33:44,M53926,Supermarket 519,PAVLODAR,KZ,4816,0510 - Contactless - Magstripe,1308182001: Cash Withdrawal Transaction(International),41.26,41.26,PURCHASE,1
T00041893,C000279,2024-09-01 00:25:13,2024-09-01 00:26:35,M26276,Digital Service 234,BATUMI,GE,4816,ECOMMERCE,1308162001: Prepaid Purchase Transaction(International),1590.83,1549.64,PURCHASE,1
T00041934,C000323,2024-09-01 12:10:00,2024-09-01 12:10:37,M41717,Jewelry 558,MELBOURNE,AU,5944,ECOMMERCE,1308262001: Bill Payment Transaction(International),170179.37,168049.82,PURCHASE,1
T00041983,C000243,2024-09-02 00:25:44,2024-09-02 00:27:10,M59158,Transport 919,VANCOUVER,CA,4111,ECOMMERCE,1308242001: Transfer Transaction(International),1389.7,1371.17,PURCHASE,1
T00042038,C000030,2024-09-02 17:59:11,2024-09-02 17:59:16,M96703,ATM Withdrawal,LONDON,GB,6011,ECOMMERCE,1308172001: Cash Withdrawal Transaction(Domestic),17667.25,17633.41,WITHDRAWAL,1
T00042143,C000439,2024-09-04 06:44:23,2024-09-04 06:44:59,M47746,Unknown Merchant,ATYRAU,KZ,5065,MAGNETIC,1308222001: Refund Transaction(International),285911.04,923.52,WITHDRAWAL,1
T00042267,C000452,2024-09-06 04:15:38,2024-09-06 04:17:16,M30921,Transport 196,KYOTO,JP,4111,ECOMMERCE,1308222001: Refund Transaction(International),1137.66,1131.23,PURCHASE,1
T00042289,C000140,2024-09-06 10:19:45,2024-09-06 10:20:55,M43437,Unknown Merchant,CHICAGO,US,5065,MAGNETIC,1308112001: Debit Purchase Transaction(Domestic),80953.71,10299.98,WITHDRAWAL,1
T00042300,C000192,2024-09-06 13:19:14,2024-09-06 13:20:36,M24150,ATM Withdrawal,TALDYKORGAN,KZ,4816,0120 - Keyin,1308262001: Bill Payment Transaction(International),68.69,68.69,WITHDRAWAL,1
T00042342,C000004,2024-09-07 02:59:43,2024-09-07 03:01:05,M82589,Supermarket 145,SHYMKENT,KZ,4816,0003 - Recurring,1308212001: Refund Transaction(Domestic),92.06,92.06,PURCHASE,1
T00042374,C000477,2024-09-07 13:24:30,2024-09-07 13:25:14,M95392,Cafe and restaraunts 219,TALDYKORGAN,KZ,5812,0800 - Contactless - Magstripe,1308232001: Transfer Transaction(Domestic),120705.53,120705.53,PURCHASE,1
T00042401,C000469,2024-09-08 00:43:00,2024-09-08 00:43:05,M76489,Online store 801,ATYRAU,KZ,5999,0720 - Contactless - VSDC magstripe,1308192001: Balance Inquiry Transaction(Domestic),67148.18,7315.3,PURCHASE,1
T00042418,C000476,2024-09-08 07:59:18,2024-09-08 07:59:22,M33567,Unknown Merchant,TALDYKORGAN,KZ,5065,MAGNETIC,1308242001: Transfer Transaction(International),83233.2,20370.63,PURCHASE,1
T00042428,C000320,2024-09-08 11:10:30,2024-09-08 11:11:23,M25993,Unknown Merchant,ISTANBUL,TR,5065,MAGNETIC,1308162001: Prepaid Purchase Transaction(International),89716.5,24356.11,TRANSFER,1
T00042528,C000396,2024-09-10 03:09:40,2024-09-10 03:09:41,M21347,Elecrtronics 699,SYDNEY,AU,5065,ECOMMERCE,1308202001: Balance Inquiry Transaction(International),100.0,99.62,PURCHASE,1
T00042617,C000042,2024-09-11 11:07:26,2024-09-11 11:09:25,M69455,Unknown Merchant,ASTANA,KZ,5944,MAGNETIC,1308182001: Cash Withdrawal Transaction(International),228301.12,98.01,PURCHASE,1
T00042627,C000081,2024-09-11 16:06:18,2024-09-11 16:07:06,M65215,Unknown Merchant,TALDYKORGAN,KZ,5065,MAGNETIC,1308272001: Other Transaction(Domestic),207309.03,3390.17,TRANSFER,1
T00042658,C000246,2024-09-12 02:42:07,2024-09-12 02:42:12,M41396,Hotel 360,SEMEY,KZ,7011,0007 - Other,1308122001: Debit Purchase Transaction(International),14853.38,15308.84,PURCHASE,1
T00042745,C000479,2024-09-13 09:33:34,2024-09-13 09:34:50,M12277,Elecrtronics 241,TOKYO,JP,4816,0008 - Not used,1308162001: Prepaid Purchase Transaction(International),63.46,63.46,WITHDRAWAL,1
T00042819,C000398,2024-09-14 15:13:56,2024-09-14 15:15:43,M45449,Transport 652,SEMEY,KZ,4816,0006 - Cash,1308142001: Credit Purchase Transaction(International),86.24,86.24,PURCHASE,1
T00042828,C000070,2024-09-14 17:09:55,2024-09-14 17:10:01,M97609,Unknown Merchant,TARAZ,KZ,5065,MAGNETIC,1308132001: Credit Purchase Transaction(Domestic),270035.04,34244.24,PURCHASE,1
T00042852,C000386,2024-09-14 23:00:02,2024-09-14 23:00:54,M32056,Cafe and restaraunts 503,KOSTANAY,KZ,4816,0800 - Contactless - Magstripe,1308132001: Credit Purchase Transaction(Domestic),30.6,30.6,PURCHASE,1
T00042876,C000191,2024-09-15 07:56:46,2024-09-15 07:57:06,M53908,Elecrtronics 341,FRANKFURT,DE,5065,0005 - Preauthorized,1308232001: Transfer Transaction(Domestic),342851.31,342851.31,PURCHASE,1
T00042947,C000145,2024-09-16 09:07:49,2024-09-16 09:08:54,M53200,Cafe and restaraunts 993,BANGKOK,TH,4816,0004 - Installment,1308182001: Cash Withdrawal Transaction(International),16.95,16.95,PURCHASE,1
T00042956,C000359,2024-09-16 13:41:03,2024-09-16 13:41:32,M81224,Online store 275,BANGALORE,IN,5999,0120 - Keyin,1308202001: Balance Inquiry Transaction(International),118031.89,118031.89,PURCHASE,1
T00042987,C000226,2024-09-17 02:53:07,2024-09-17 02:53:12,M93841,Transport 143,EDINBURGH,GB,4111,0110 - Swipe,1308192001: Balance Inquiry Transaction(Domestic),62199.29,1454.0,PURCHASE,1
T00043054,C000438,2024-09-18 02:07:08,2024-09-18 02:09:03,M34873,Elecrtronics 897,MEXICO CITY,MX,4816,0510 - Contactless - Magstripe,1308252001: Bill Payment Transaction(Domestic),10.17,10.17,PURCHASE,1
T00043057,C000104,2024-09-18 04:22:03,2024-09-18 04:23:36,M72689,ATM Withdrawal,SEMEY,KZ,4816,0720 - Contactless - VSDC magstripe,1308162001: Prepaid Purchase Transaction(International),68.84,68.84,PURCHASE,1
T00043065,C000121,2024-09-18 10:07:48,2024-09-18 10:08:58,M76168,Unknown Merchant,ATYRAU,KZ,5944,MAGNETIC,1308142001: Credit Purchase Transaction(International),185407.52,27089.63,PURCHASE,1
T00043106,C000166,2024-09-19 02:55:05,2024-09-19 02:55:10,M58905,Pharmacy 733,ASTANA,KZ,5912,0000 - Unknown,1308272001: Other Transaction(Domestic),17751.88,2906.02,PURCHASE,1
T00043109,C000435,2024-09-19 03:23:18,2024-09-19 03:23:23,M31599,Digital Service 32,YEKATERINBURG,RU,4816,0006 - Cash,1308272001: Other Transaction(Domestic),151924.48,97.31,PURCHASE,1
T00043115,C000398,2024-09-19 05:00:04,2024-09-19 05:01:54,M43033,ATM Withdrawal,SHYMKENT,KZ,4816,0005 - Preauthorized,1308142001: Credit Purchase Transaction(International),50.31,50.31,PURCHASE,1
T00043156,C000245,2024-09-19 21:33:19,2024-09-19 21:34:07,M66795,Unknown Merchant,TALDYKORGAN,KZ,5944,MAGNETIC,1308142001: Credit Purchase Transaction(International),174370.31,3008.97,TRANSFER,1
T00043157,C000239,2024-09-19 21:35:29,2024-09-19 21:36:47,M62594,Unknown Merchant,CANCUN,MX,5065,MAGNETIC,1308112001: Debit Purchase Transaction(Domestic),127394.86,14879.91,PURCHASE,1
T00043389,C000191,2024-09-22 23:57:45,2024-09-22 23:59:37,M10264,Unknown Merchant,SHENZHEN,CN,5944,MAGNETIC,1308232001: Transfer Transaction(Domestic),164138.6,5912.26,TRANSFER,1
T00043392,C000269,2024-09-23 00:15:02,2024-09-23 00:16:16,M74192,Unknown Merchant,TARAZ,KZ,5944,MAGNETIC,1308152001: Prepaid Purchase Transaction(Domestic),232195.9,10857.03,PURCHASE,1
T00043397,C000056,2024-09-23 02:06:04,2024-09-23 02:07:24,M71373,Hotel 20,BARCELONA,ES,7011,ECOMMERCE,1308242001: Transfer Transaction(International),26143.95,26117.84,PURCHASE,1
T00043462,C000217,2024-09-24 01:26:02,2024-09-24 01:27:42,M80568,Pharmacy 891,SHANGHAI,CN,4816,0510 - Contactless - Magstripe,1308212001: Refund Transaction(Domestic),19.62,19.62,PURCHASE,1
T00043506,C000402,2024-09-24 17:22:54,2024-09-24 17:23:57,M45444,Unknown Merchant,KARAGANDA,KZ,5065,MAGNETIC,1308112001: Debit Purchase Transaction(Domestic),193036.39,2634.26,PURCHASE,1
T00043539,C000215,2024-09-25 04:40:26,2024-09-25 04:42:18,M19946,Pharmacy 484,CAIRO,EG,5912,0120 - Keyin,1308172001: Cash Withdrawal Transaction(Domestic),42214.77,42214.77,PURCHASE,1
T00043561,C000097,2024-09-25 14:43:31,2024-09-25 14:45:27,M92266,Unknown Merchant,KARAGANDA,KZ,5944,MAGNETIC,1308142001: Credit Purchase Transaction(International),193145.52,6351.31,TRANSFER,1
T00043607,C000254,2024-09-26 02:08:17,2024-09-26 02:09:11,M71717,Supermarket 79,MONTREAL,CA,5411,ECOMMERCE,1308142001: Credit Purchase Transaction(International),3476.35,3420.91,PURCHASE,1
T00043636,C000090,2024-09-26 12:08:31,2024-09-26 12:09:33,M43240,Pharmacy 24,KARAGANDA,KZ,4816,0005 - Preauthorized,1308272001: Other Transaction(Domestic),13.58,13.58,PURCHASE,1
T00043736,C000365,2024-09-27 23:07:57,2024-09-27 23:08:19,M29163,Pharmacy 990,KUALA LUMPUR,MY,4816,0800 - Contactless - Magstripe,1308162001: Prepaid Purchase Transaction(International),47.48,47.48,WITHDRAWAL,1
T00043745,C000265,2024-09-28 01:55:33,2024-09-28 01:57:27,M22115,ATM Withdrawal,AKTAU,KZ,6011,0710 - Contactless - VSDC chip,1308112001: Debit Purchase Transaction(Domestic),82762.76,82762.76,PURCHASE,1
T00043854,C000353,2024-09-29 13:40:17,2024-09-29 13:42:16,M49658,Unknown Merchant,PAVLODAR,KZ,5065,MAGNETIC,1308132001: Credit Purchase Transaction(Domestic),258890.53,112053.45,WITHDRAWAL,1
T00043949,C000107,2024-10-01 01:39:13,2024-10-01 01:39:18,M31430,Cafe and restaraunts 969,ASTANA,KZ,5812,0710 - Contactless - VSDC chip,1308282001: Other Transaction(International),39318.05,6568.58,PURCHASE,1
T00043950,C000372,2024-10-01 01:45:50,2024-10-01 01:45:55,M96448,Elecrtronics 314,SEOUL,KR,5065,0005 - Preauthorized,1308242001: Transfer Transaction(International),241717.17,99.84,TRANSFER,1
T00044010,C000218,2024-10-02 02:00:34,2024-10-02 02:00:39,M78603,Cafe and restaraunts 441,TARAZ,KZ,5812,0720 - Contactless - VSDC magstripe,1308212001: Refund Transaction(Domestic),267818.04,6051.36,TRANSFER,1
T00044107,C000412,2024-10-03 14:15:19,2024-10-03 14:16:08,M36689,Hotel 214,MONTREAL,CA,4816,0730 - Contactless - VSDC chip,1308192001: Balance Inquiry Transaction(Domestic),61.05,61.05,WITHDRAWAL,1
T00044112,C000258,2024-10-03 16:57:23,2024-10-03 16:58:42,M54663,Supermarket 595,DUBAI,AE,4816,0007 - Other,1308202001: Balance Inquiry Transaction(International),95.32,95.32,PURCHASE,1
T00044169,C000279,2024-10-04 16:53:55,2024-10-04 16:55:24,M90490,Unknown Merchant,BUSAN,KR,5065,MAGNETIC,1308162001: Prepaid Purchase Transaction(International),210307.64,4501.18,PURCHASE,1
T00044292,C000245,2024-10-06 10:15:24,2024-10-06 10:16:14,M85741,Unknown Merchant,SAINT PETERSBURG,RU,5065,MAGNETIC,1308142001: Credit Purchase Transaction(International),98338.77,771.59,PURCHASE,1
T00044323,C000495,2024-10-06 23:28:46,2024-10-06 23:30:40,M91570,Cafe and restaraunts 47,KOSTANAY,KZ,4816,0720 - Contactless - VSDC magstripe,1308212001: Refund Transaction(Domestic),62.63,62.63,PURCHASE,1
T00044350,C000079,2024-10-07 10:42:52,2024-10-07 10:44:10,M76417,Digital Service 80,KARAGANDA,KZ,4816,0510 - Contactless - Magstripe,1308152001: Prepaid Purchase Transaction(Domestic),39.25,39.25,PURCHASE,1
T00044361,C000192,2024-10-07 15:35:50,2024-10-07 15:36:40,M35441,Transport 50,MADRID,ES,4111,ECOMMERCE,1308262001: Bill Payment Transaction(International),1294.43,1284.27,PURCHASE,1
T00044365,C000387,2024-10-07 16:09:01,2024-10-07 16:10:48,M10101,Hotel 500,SAO PAULO,BR,7011,ECOMMERCE,1308142001: Credit Purchase Transaction(International),12899.39,12787.1,PURCHASE,1
T00044402,C000220,2024-10-08 03:12:41,2024-10-08 03:14:16,M57680,ATM Withdrawal,TARAZ,KZ,4816,0730 - Contactless - VSDC chip,1308182001: Cash Withdrawal Transaction(International),67.07,67.07,PURCHASE,1
T00044522,C000217,2024-10-10 00:22:28,2024-10-10 00:22:33,M24420,Hotel 799,ZURICH,CH,7011,0730 - Contactless - VSDC chip,1308212001: Refund Transaction(Domestic),96750.44,7300.99,PURCHASE,1
T00044629,C000152,2024-10-11 21:19:40,2024-10-11 21:21:16,M36930,Hotel 555,GUANGZHOU,CN,4816,1000 - Credential on file,1308182001: Cash Withdrawal Transaction(International),6.03,6.03,WITHDRAWAL,1
T00044643,C000305,2024-10-12 03:19:08,2024-10-12 03:19:13,M61513,Pharmacy 503,CHICAGO,US,5912,0001 - E-commerce,1308182001: Cash Withdrawal Transaction(International),37685.31,1037.66,PURCHASE,1
T00044644,C000219,2024-10-12 03:29:25,2024-10-12 03:30:18,M59965,Cafe and restaraunts 428,GENEVA,CH,5812,ECOMMERCE,1308172001: Cash Withdrawal Transaction(Domestic),3651.31,3639.59,PURCHASE,1
T00044648,C000382,2024-10-12 04:10:45,2024-10-12 04:10:50,M54076,Cafe and restaraunts 47,VANCOUVER,CA,5812,0008 - Not used,1308182001: Cash Withdrawal Transaction(International),74377.27,864.87,PURCHASE,1
T00044677,C000232,2024-10-12 17:25:59,2024-10-12 17:27:40,M26243,Jewelry 540,AKTAU,KZ,5944,0003 - Recurring,1308182001: Cash Withdrawal Transaction(International),61657.43,61657.43,PURCHASE,1
T00044724,C000456,2024-10-13 12:07:23,2024-10-13 12:09:06,M26061,Unknown Merchant,KOSTANAY,KZ,5944,MAGNETIC,1308282001: Other Transaction(International),206647.87,23309.84,PURCHASE,1
T00044826,C000447,2024-10-15 00:29:52,2024-10-15 00:30:50,M91760,Cafe and restaraunts 859,ATYRAU,KZ,5812,0710 - Contactless - VSDC chip,1308142001: Credit Purchase Transaction(International),544366.0,544366.0,PURCHASE,1
T00044833,C000308,2024-10-15 03:01:20,2024-10-15 03:03:01,M36082,Unknown Merchant,PAVLODAR,KZ,5065,MAGNETIC,1308132001: Credit Purchase Transaction(Domestic),103602.0,62278.92,PURCHASE,1
T00044887,C000461,2024-10-16 01:14:00,2024-10-16 01:15:43,M78993,Jewelry 254,ABU DHABI,AE,5944,ECOMMERCE,1308182001: Cash Withdrawal Transaction(International),64301.73,62523.86,PURCHASE,1
T00044907,C000073,2024-10-16 08:09:56,2024-10-16 08:11:44,M87494,Unknown Merchant,KOSTANAY,KZ,5944,MAGNETIC,1308122001: Debit Purchase Transaction(International),232686.82,2376.23,PURCHASE,1
T00044947,C000330,2024-10-16 18:59:26,2024-10-16 18:59:44,M78540,Pharmacy 902,ANTALYA,TR,5912,0005 - Preauthorized,1308142001: Credit Purchase Transaction(International),106940.15,106940.15,PURCHASE,1
T00045014,C000215,2024-10-17 20:57:44,2024-10-17 20:58:38,M28732,Online store 779,SINGAPORE,SGP,5999,0110 - Swipe,1308172001: Cash Withdrawal Transaction(Domestic),128815.12,128815.12,PURCHASE,1
T00045105,C000481,2024-10-19 03:46:50,2024-10-19 03:46:56,M23523,Pharmacy 32,MEXICO CITY,MX,5912,0006 - Cash,1308222001: Refund Transaction(International),288166.94,288166.94,PURCHASE,1
T00045247,C000384,2024-10-21 07:36:54,2024-10-21 07:38:31,M16761,ATM Withdrawal,TOKYO,JP,6011,ECOMMERCE,1308132001: Credit Purchase Transaction(Domestic),16841.58,16464.25,WITHDRAWAL,1
T00045285,C000113,2024-10-21 23:00:36,2024-10-21 23:01:16,M23690,Jewelry 300,MILAN,IT,5944,ECOMMERCE,1308132001: Credit Purchase Transaction(Domestic),108734.47,105991.94,PURCHASE,1
T00045304,C000064,2024-10-22 07:13:22,2024-10-22 07:14:41,M60081,Elecrtronics 170,SEOUL,KR,5065,0120 - Keyin,1308272001: Other Transaction(Domestic),238986.94,238986.94,PURCHASE,1
T00045341,C000015,2024-10-22 17:28:28,2024-10-22 17:28:52,M99612,Jewelry 496,OSH,KG,5944,0110 - Swipe,1308272001: Other Transaction(Domestic),177657.44,177657.44,PURCHASE,1
T00045374,C000416,2024-10-23 03:48:31,2024-10-23 03:50:16,M33975,Hotel 789,TALDYKORGAN,KZ,7011,0120 - Keyin,1308202001: Balance Inquiry Transaction(International),156234.52,156234.52,PURCHASE,1
T00045376,C000189,2024-10-23 04:20:22,2024-10-23 04:21:25,M97398,Digital Service 808,TARAZ,KZ,4816,0730 - Contactless - VSDC chip,1308252001: Bill Payment Transaction(Domestic),79697.0,79697.0,PURCHASE,1
T00045381,C000411,2024-10-23 05:17:24,2024-10-23 05:18:04,M63143,Jewelry 570,BERLIN,DE,5944,ECOMMERCE,1308122001: Debit Purchase Transaction(International),34853.6,33955.2,REFUND,1
T00045419,C000464,2024-10-23 22:45:51,2024-10-23 22:47:23,M62145,Online store 11,AKTAU,KZ,5999,0110 - Swipe,1308132001: Credit Purchase Transaction(Domestic),18846.89,18846.89,PURCHASE,1
T00045452,C000202,2024-10-24 07:26:04,2024-10-24 07:26:37,M26599,Digital Service 902,TALDYKORGAN,KZ,4816,0002 - Mail/Phone order,1308112001: Debit Purchase Transaction(Domestic),271228.48,271228.48,PURCHASE,1
T00045579,C000149,2024-10-26 00:16:30,2024-10-26 00:16:35,M12271,Cafe and restaraunts 367,SHENZHEN,CN,5812,0004 - Installment,1308242001: Transfer Transaction(International),214339.67,97.41,WITHDRAWAL,1
T00045660,C000472,2024-10-27 03:19:06,2024-10-27 03:19:21,M67905,Pharmacy 477,SHARM EL SHEIKH,EG,5912,ECOMMERCE,1308272001: Other Transaction(Domestic),3608.93,3566.36,PURCHASE,1
T00045661,C000173,2024-10-27 03:25:18,2024-10-27 03:25:23,M86531,Online store 368,TARAZ,KZ,5999,1000 - Credential on file,1308222001: Refund Transaction(International),30597.97,15042.01,PURCHASE,1
T00045687,C000101,2024-10-27 13:02:10,2024-10-27 13:02:34,M99242,Supermarket 20,DELHI,IN,5411,0008 - Not used,1308192001: Balance Inquiry Transaction(Domestic),93242.15,93242.15,REFUND,1
T00045747,C000068,2024-10-28 10:19:38,2024-10-28 10:21:14,M91060,Elecrtronics 416,ASTANA,KZ,5065,0710 - Contactless - VSDC chip,1308132001: Credit Purchase Transaction(Domestic),122901.75,122901.75,PURCHASE,1
T00045797,C000344,2024-10-29 01:43:52,2024-10-29 01:43:57,M26254,Digital Service 783,ATYRAU,KZ,4816,0003 - Recurring,1308142001: Credit Purchase Transaction(International),112112.35,1185.41,PURCHASE,1
T00045831,C000468,2024-10-29 19:37:01,2024-10-29 19:37:54,M28990,Unknown Merchant,TARAZ,KZ,5065,MAGNETIC,1308222001: Refund Transaction(International),254797.34,1278.61,REFUND,1
T00045875,C000200,2024-10-30 11:20:24,2024-10-30 11:20:48,M31781,Pharmacy 227,KUALA LUMPUR,MY,5912,0710 - Contactless - VSDC chip,1308242001: Transfer Transaction(International),203750.48,203750.48,WITHDRAWAL,1
T00045954,C000495,2024-10-31 13:13:27,2024-10-31 13:14:56,M13109,Unknown Merchant,SEMEY,KZ,5065,MAGNETIC,1308212001: Refund Transaction(Domestic),236562.24,97.8,WITHDRAWAL,1
T00045961,C000333,2024-10-31 17:18:01,2024-10-31 17:18:50,M49916,Pharmacy 787,ATYRAU,KZ,4816,0005 - Preauthorized,1308182001: Cash Withdrawal Transaction(International),54.46,54.46,PURCHASE,1
T00046031,C000026,2024-11-01 21:19:56,2024-11-01 21:20:19,M63037,Pharmacy 5,SHANGHAI,CN,4816,0006 - Cash,1308212001: Refund Transaction(Domestic),59.68,59.68,PURCHASE,1
T00046124,C000132,2024-11-03 02:48:46,2024-11-03 02:49:37,M89091,Cafe and restaraunts 891,BERLIN,DE,5812,ECOMMERCE,1308242001: Transfer Transaction(International),2581.96,2570.68,PURCHASE,1
T00046129,C000150,2024-11-03 05:11:13,2024-11-03 05:12:43,M52399,Cafe and restaraunts 747,MUNICH,DE,5812,ECOMMERCE,1308272001: Other Transaction(Domestic),100.0,98.65,PURCHASE,1
T00046153,C000455,2024-11-03 13:43:21,2024-11-03 13:44:51,M59668,Cafe and restaraunts 831,SHYMKENT,KZ,4816,0710 - Contactless - VSDC chip,1308202001: Balance Inquiry Transaction(International),88.89,88.89,PURCHASE,1
T00046262,C000094,2024-11-05 04:25:04,2024-11-05 04:26:09,M18265,Elecrtronics 141,RIO DE JANEIRO,BR,5065,0005 - Preauthorized,1308202001: Balance Inquiry Transaction(International),51885.45,51885.45,PURCHASE,1
T00046542,C000105,2024-11-09 03:20:40,2024-11-09 03:20:45,M30884,ATM Withdrawal,ASTANA,KZ,6011,0710 - Contactless - VSDC chip,1308172001: Cash Withdrawal Transaction(Domestic),22805.45,20478.71,PURCHASE,1
T00046564,C000248,2024-11-09 09:36:08,2024-11-09 09:36:51,M13166,Jewelry 637,TALDYKORGAN,KZ,5944,0001 - E-commerce,1308242001: Transfer Transaction(International),645874.63,645874.63,PURCHASE,1
T00046692,C000409,2024-11-11 06:54:23,2024-11-11 06:55:04,M79667,Hotel 34,SHYMKENT,KZ,4816,1000 - Credential on file,1308272001: Other Transaction(Domestic),19.73,19.73,TRANSFER,1
T00046745,C000266,2024-11-12 01:27:23,2024-11-12 01:27:28,M56332,Cafe and restaraunts 927,ATYRAU,KZ,5812,0003 - Recurring,1308192001: Balance Inquiry Transaction(Domestic),161137.69,2571.65,PURCHASE,1
T00046810,C000007,2024-11-13 04:53:25,2024-11-13 04:53:30,M38059,Cafe and restaraunts 414,KOSTANAY,KZ,5812,0005 - Preauthorized,1308192001: Balance Inquiry Transaction(Domestic),38949.83,3358.21,PURCHASE,1
T00046815,C000048,2024-11-13 07:35:43,2024-11-13 07:37:13,M38125,Hotel 250,ABU DHABI,AE,7011,ECOMMERCE,1308112001: Debit Purchase Transaction(Domestic),41962.71,41310.69,PURCHASE,1
T00046854,C000182,2024-11-13 21:53:29,2024-11-13 21:53:50,M55765,Jewelry 860,KUALA LUMPUR,MY,5944,ECOMMERCE,1308242001: Transfer Transaction(International),39824.9,38801.1,WITHDRAWAL,1
T00046947,C000069,2024-11-15 01:29:17,2024-11-15 01:29:22,M26976,Digital Service 366,TALDYKORGAN,KZ,4816,0510 - Contactless - Magstripe,1308242001: Transfer Transaction(International),88506.57,403.87,PURCHASE,1
T00046989,C000009,2024-11-15 13:57:09,2024-11-15 13:57:41,M81479,Supermarket 711,PAVLODAR,KZ,5411,0720 - Contactless - VSDC magstripe,1308162001: Prepaid Purchase Transaction(International),61432.4,61432.4,PURCHASE,1
T00047120,C000142,2024-11-17 10:22:00,2024-11-17 10:22:35,M69800,Online store 629,STOCKHOLM,SE,5999,ECOMMERCE,1308252001: Bill Payment Transaction(Domestic),100.0,99.08,PURCHASE,1
T00047128,C000257,2024-11-17 12:54:48,2024-11-17 12:55:59,M84807,Cafe and restaraunts 358,TALDYKORGAN,KZ,4816,0110 - Swipe,1308192001: Balance Inquiry Transaction(Domestic),18.85,18.85,PURCHASE,1
T00047230,C000170,2024-11-19 04:28:34,2024-11-19 04:28:39,M71636,Hotel 522,ASTANA,KZ,7011,0006 - Cash,1308192001: Balance Inquiry Transaction(Domestic),41248.16,40668.71,WITHDRAWAL,1
T00047266,C000314,2024-11-19 18:45:46,2024-11-19 18:46:39,M12705,Supermarket 682,PAVLODAR,KZ,4816,0730 - Contactless - VSDC chip,1308262001: Bill Payment Transaction(International),31.92,31.92,PURCHASE,1
T00047283,C000482,2024-11-20 00:39:22,2024-11-20 00:40:52,M26508,Unknown Merchant,BUSAN,KR,5944,MAGNETIC,1308212001: Refund Transaction(Domestic),246123.19,56043.36,PURCHASE,1
T00047292,C000316,2024-11-20 04:31:49,2024-11-20 04:31:54,M55972,Elecrtronics 175,TALDYKORGAN,KZ,5065,0004 - Installment,1308212001: Refund Transaction(Domestic),27098.5,8646.6,PURCHASE,1
T00047300,C000380,2024-11-20 07:10:45,2024-11-20 07:12:28,M26843,Unknown Merchant,SHYMKENT,KZ,5065,MAGNETIC,1308202001: Balance Inquiry Transaction(International),102497.01,14363.89,PURCHASE,1
T00047342,C000122,2024-11-20 22:08:19,2024-11-20 22:09:27,M97540,Jewelry 516,AKTAU,KZ,4816,0003 - Recurring,1308202001: Balance Inquiry Transaction(International),81.49,81.49,PURCHASE,1
T00047370,C000423,2024-11-21 09:16:03,2024-11-21 09:16:20,M80665,Unknown Merchant,ASTANA,KZ,5944,MAGNETIC,1308252001: Bill Payment Transaction(Domestic),213700.13,8493.04,PURCHASE,1
T00047419,C000035,2024-11-22 01:47:45,2024-11-22 01:47:50,M97557,ATM Withdrawal,AKTAU,KZ,6011,0005 - Preauthorized,1308202001: Balance Inquiry Transaction(International),94645.02,16326.53,WITHDRAWAL,1
T00047456,C000087,2024-11-22 11:07:59,2024-11-22 11:09:01,M14948,Unknown Merchant,PAVLODAR,KZ,5065,MAGNETIC,1308172001: Cash Withdrawal Transaction(Domestic),97943.47,3552.21,PURCHASE,1
T00047665,C000226,2024-11-25 21:44:24,2024-11-25 21:46:14,M67953,Unknown Merchant,YEKATERINBURG,RU,5944,MAGNETIC,1308192001: Balance Inquiry Transaction(Domestic),226830.21,4517.48,PURCHASE,1
T00047678,C000389,2024-11-26 05:12:13,2024-11-26 05:12:46,M15401,Elecrtronics 630,ABU DHABI,AE,4816,0002 - Mail/Phone order,1308122001: Debit Purchase Transaction(International),14.83,14.83,PURCHASE,1
T00047735,C000392,2024-11-26 22:25:09,2024-11-26 22:25:41,M14875,Digital Service 349,MELBOURNE,AU,4816,ECOMMERCE,1308282001: Other Transaction(International),5803.47,5655.3,WITHDRAWAL,1
T00047743,C000035,2024-11-27 00:29:24,2024-11-27 00:30:37,M19827,Unknown Merchant,AKTAU,KZ,5065,MAGNETIC,1308202001: Balance Inquiry Transaction(International),113613.84,4654.12,PURCHASE,1
T00047753,C000375,2024-11-27 04:26:47,2024-11-27 04:26:52,M12779,Hotel 576,PAVLODAR,KZ,7011,0002 - Mail/Phone order,1308162001: Prepaid Purchase Transaction(International),84135.09,25869.54,TRANSFER,1
T00047754,C000369,2024-11-27 04:28:41,2024-11-27 04:28:46,M28715,Hotel 160,KUALA LUMPUR,MY,7011,1000 - Credential on file,1308122001: Debit Purchase Transaction(International),65739.75,20609.77,TRANSFER,1
T00047770,C000271,2024-11-27 08:46:11,2024-11-27 08:46:49,M93256,Elecrtronics 703,VENICE,IT,5065,ECOMMERCE,1308232001: Transfer Transaction(Domestic),44760.52,44382.85,WITHDRAWAL,1
T00047834,C000136,2024-11-28 10:44:55,2024-11-28 10:45:57,M75990,Pharmacy 816,ROTTERDAM,NL,5912,ECOMMERCE,1308182001: Cash Withdrawal Transaction(International),100.0,99.62,REFUND,1
T00047932,C000371,2024-11-29 18:56:32,2024-11-29 18:57:29,M88953,Online store 411,SHANGHAI,CN,5999,ECOMMERCE,1308112001: Debit Purchase Transaction(Domestic),100.0,97.94,PURCHASE,1
T00048005,C000087,2024-11-30 20:24:19,2024-11-30 20:26:03,M28541,Unknown Merchant,PHUKET,TH,5944,MAGNETIC,1308172001: Cash Withdrawal Transaction(Domestic),157452.82,11531.31,PURCHASE,1
T00048038,C000174,2024-12-01 08:16:58,2024-12-01 08:18:08,M16946,Pharmacy 249,PAVLODAR,KZ,4816,0003 - Recurring,1308262001: Bill Payment Transaction(International),62.39,62.39,PURCHASE,1
T00048064,C000385,2024-12-01 15:12:10,2024-12-01 15:13:00,M41845,Jewelry 30,PARIS,FR,5944,ECOMMERCE,1308172001: Cash Withdrawal Transaction(Domestic),100.0,99.53,PURCHASE,1
T00048118,C000336,2024-12-02 10:41:13,2024-12-02 10:41:55,M91767,Cafe and restaraunts 809,KUALA LUMPUR,MY,5812,ECOMMERCE,1308272001: Other Transaction(Domestic),1374.12,1341.07,WITHDRAWAL,1
T00048154,C000196,2024-12-02 21:45:38,2024-12-02 21:46:34,M13650,Online store 749,TARAZ,KZ,5999,0006 - Cash,1308122001: Debit Purchase Transaction(International),54490.95,54490.95,REFUND,1
T00048182,C000356,2024-12-03 07:42:20,2024-12-03 07:42:57,M26097,Jewelry 409,ASTANA,KZ,4816,0003 - Recurring,1308262001: Bill Payment Transaction(International),96.07,96.07,REFUND,1
T00048228,C000129,2024-12-03 22:48:41,2024-12-03 22:50:25,M57626,Digital Service 712,ZURICH,CH,4816,ECOMMERCE,1308242001: Transfer Transaction(International),6169.31,6029.16,PURCHASE,1
T00048270,C000036,2024-12-04 14:45:56,2024-12-04 14:46:55,M33702,Supermarket 61,EDINBURGH,GB,5411,0110 - Swipe,1308252001: Bill Payment Transaction(Domestic),327234.75,327234.75,PURCHASE,1
T00048278,C000152,2024-12-04 16:11:05,2024-12-04 16:11:24,M30713,Unknown Merchant,SEMEY,KZ,5944,MAGNETIC,1308182001: Cash Withdrawal Transaction(International),220856.66,9467.65,TRANSFER,1
T00048282,C000392,2024-12-04 18:14:36,2024-12-04 18:15:02,M77944,Hotel 951,BATUMI,GE,7011,0120 - Keyin,1308282001: Other Transaction(International),63369.63,63369.63,PURCHASE,1
T00048405,C000102,2024-12-06 11:21:58,2024-12-06 11:22:02,M43133,Online store 368,MUNICH,DE,4816,0005 - Preauthorized,1308212001: Refund Transaction(Domestic),88.62,88.62,WITHDRAWAL,1
T00048567,C000227,2024-12-09 03:42:09,2024-12-09 03:42:14,M36047,Supermarket 392,CANCUN,MX,5411,0110 - Swipe,1308122001: Debit Purchase Transaction(International),279753.47,6405.4,PURCHASE,1
T00048574,C000404,2024-12-09 06:02:01,2024-12-09 06:03:32,M35803,Cafe and restaraunts 573,BATUMI,GE,5812,ECOMMERCE,1308132001: Credit Purchase Transaction(Domestic),5508.56,5453.0,PURCHASE,1
T00048593,C000099,2024-12-09 12:39:55,2024-12-09 12:40:05,M10340,Hotel 365,SINGAPORE,SGP,7011,0005 - Preauthorized,1308232001: Transfer Transaction(Domestic),246802.93,246802.93,PURCHASE,1
T00048618,C000107,2024-12-09 20:29:19,2024-12-09 20:30:10,M82467,Elecrtronics 809,KARAGANDA,KZ,4816,0002 - Mail/Phone order,1308282001: Other Transaction(International),8.72,8.72,PURCHASE,1
T00048686,C000032,2024-12-10 22:20:12,2024-12-10 22:20:53,M23057,Unknown Merchant,GOTHENBURG,SE,5944,MAGNETIC,1308252001: Bill Payment Transaction(Domestic),297727.21,97.15,PURCHASE,1
T00048702,C000491,2024-12-11 04:21:11,2024-12-11 04:21:15,M74846,Supermarket 919,ATYRAU,KZ,5411,0005 - Preauthorized,1308122001: Debit Purchase Transaction(International),333472.7,333472.7,WITHDRAWAL,1
T00048748,C000410,2024-12-11 17:35:01,2024-12-11 17:36:08,M70387,Unknown Merchant,GOTHENBURG,SE,5065,MAGNETIC,1308212001: Refund Transaction(Domestic),245404.02,43766.49,TRANSFER,1
T00048838,C000320,2024-12-13 09:03:03,2024-12-13 09:03:30,M44684,Unknown Merchant,TORONTO,CA,5065,MAGNETIC,1308162001: Prepaid Purchase Transaction(International),286079.91,4817.57,WITHDRAWAL,1
T00048942,C000083,2024-12-14 21:08:13,2024-12-14 21:08:22,M90606,Digital Service 332,SHYMKENT,KZ,4816,0001 - E-commerce,1308202001: Balance Inquiry Transaction(International),46777.81,46777.81,PURCHASE,1
T00049020,C000037,2024-12-15 23:52:09,2024-12-15 23:52:13,M94310,Hotel 759,GUANGZHOU,CN,7011,0002 - Mail/Phone order,1308132001: Credit Purchase Transaction(Domestic),54771.6,54771.6,PURCHASE,1
T00049121,C000116,2024-12-17 09:59:48,2024-12-17 10:01:20,M71085,Supermarket 731,LYON,FR,5411,ECOMMERCE,1308262001: Bill Payment Transaction(International),5774.56,5642.29,PURCHASE,1
T00049138,C000317,2024-12-17 13:45:21,2024-12-17 13:46:53,M49083,Hotel 692,ABU DHABI,AE,7011,0003 - Recurring,1308202001: Balance Inquiry Transaction(International),75720.57,75720.57,PURCHASE,1
T00049173,C000113,2024-12-18 02:42:22,2024-12-18 02:42:27,M92539,Supermarket 873,TARAZ,KZ,5411,0800 - Contactless - Magstripe,1308132001: Credit Purchase Transaction(Domestic),29426.4,1300.91,PURCHASE,1
T00049178,C000137,2024-12-18 04:26:52,2024-12-18 04:26:57,M93328,Online store 348,KOSTANAY,KZ,5999,0120 - Keyin,1308272001: Other Transaction(Domestic),76678.94,5582.83,PURCHASE,1
T00049184,C000403,2024-12-18 08:41:22,2024-12-18 08:41:43,M73088,Digital Service 194,CHICAGO,US,4816,0120 - Keyin,1308172001: Cash Withdrawal Transaction(Domestic),71.48,71.48,PURCHASE,1
T00049242,C000140,2024-12-19 02:06:45,2024-12-19 02:06:49,M60020,Unknown Merchant,PAVLODAR,KZ,5944,MAGNETIC,1308112001: Debit Purchase Transaction(Domestic),240584.01,1438.52,PURCHASE,1
T00049279,C000226,2024-12-19 13:48:28,2024-12-19 13:49:15,M58853,Hotel 406,ZURICH,CH,4816,0007 - Other,1308192001: Balance Inquiry Transaction(Domestic),67.78,67.78,WITHDRAWAL,1
T00049305,C000228,2024-12-19 22:10:32,2024-12-19 22:10:52,M96243,Unknown Merchant,ATYRAU,KZ,5065,MAGNETIC,1308142001: Credit Purchase Transaction(International),188149.96,12095.86,PURCHASE,1
T00049328,C000334,2024-12-20 07:25:27,2024-12-20 07:26:15,M23549,Elecrtronics 609,BANGKOK,TH,5065,ECOMMERCE,1308132001: Credit Purchase Transaction(Domestic),100.0,97.63,PURCHASE,1
T00049331,C000267,2024-12-20 08:31:12,2024-12-20 08:32:17,M64368,Pharmacy 712,SINGAPORE,SGP,5912,ECOMMERCE,1308122001: Debit Purchase Transaction(International),1749.59,1712.67,PURCHASE,1
T00049334,C000387,2024-12-20 09:29:48,2024-12-20 09:31:13,M14495,Unknown Merchant,TARAZ,KZ,5944,MAGNETIC,1308142001: Credit Purchase Transaction(International),82527.49,6962.73,PURCHASE,1
T00049347,C000096,2024-12-20 15:12:03,2024-12-20 15:13:08,M55217,Elecrtronics 65,MANCHESTER,GB,5065,ECOMMERCE,1308222001: Refund Transaction(International),19720.64,19639.77,PURCHASE,1
T00049374,C000473,2024-12-21 00:21:50,2024-12-21 00:21:55,M62380,Jewelry 188,BISHKEK,KG,5944,0110 - Swipe,1308222001: Refund Transaction(International),30913.42,41591.69,PURCHASE,1
T00049387,C000326,2024-12-21 03:08:55,2024-12-21 03:09:13,M84128,Pharmacy 410,TOKYO,JP,5912,ECOMMERCE,1308242001: Transfer Transaction(International),1820.84,1805.5,PURCHASE,1
T00049388,C000245,2024-12-21 03:11:52,2024-12-21 03:11:57,M55468,Transport 203,PAVLODAR,KZ,4111,0003 - Recurring,1308142001: Credit Purchase Transaction(International),256508.01,745.02,PURCHASE,1
T00049412,C000122,2024-12-21 14:07:28,2024-12-21 14:07:31,M73806,Supermarket 104,ALMATY,KZ,5411,0800 - Contactless - Magstripe,1308202001: Balance Inquiry Transaction(International),260969.75,260969.75,PURCHASE,1
T00049503,C000071,2024-12-23 00:33:41,2024-12-23 00:35:30,M84039,Elecrtronics 628,KOSTANAY,KZ,4816,0008 - Not used,1308232001: Transfer Transaction(Domestic),81.54,81.54,PURCHASE,1
T00049523,C000489,2024-12-23 09:15:03,2024-12-23 09:15:40,M90593,Online store 742,ZURICH,CH,5999,ECOMMERCE,1308212001: Refund Transaction(Domestic),17507.94,17017.01,PURCHASE,1
T00049602,C000323,2024-12-24 15:42:24,2024-12-24 15:43:33,M15818,Unknown Merchant,SEMEY,KZ,5944,MAGNETIC,1308262001: Bill Payment Transaction(International),187330.58,14422.97,PURCHASE,1
T00049678,C000163,2024-12-25 22:02:29,2024-12-25 22:04:14,M69085,Hotel 682,KARAGANDA,KZ,7011,0007 - Other,1308272001: Other Transaction(Domestic),827896.12,827896.12,PURCHASE,1
T00049750,C000026,2024-12-26 23:32:20,2024-12-26 23:33:43,M11832,Elecrtronics 185,LYON,FR,5065,0120 - Keyin,1308212001: Refund Transaction(Domestic),103008.61,103008.61,TRANSFER,1
T00049767,C000500,2024-12-27 02:48:25,2024-12-27 02:48:59,M39071,ATM Withdrawal,PAVLODAR,KZ,4816,0000 - Unknown,1308272001: Other Transaction(Domestic),13.51,13.51,WITHDRAWAL,1
T00049772,C000017,2024-12-27 04:33:50,2024-12-27 04:33:55,M98688,Digital Service 623,DELHI,IN,4816,0710 - Contactless - VSDC chip,1308282001: Other Transaction(International),82564.86,2647.13,PURCHASE,1
T00049824,C000125,2024-12-28 00:46:43,2024-12-28 00:47:29,M85993,Digital Service 415,NEW YORK,US,4816,ECOMMERCE,1308242001: Transfer Transaction(International),100.0,98.61,PURCHASE,1
T00049841,C000197,2024-12-28 10:44:22,2024-12-28 10:44:49,M15274,Unknown Merchant,ALMATY,KZ,5944,MAGNETIC,1308112001: Debit Purchase Transaction(Domestic),158252.01,37215.2,PURCHASE,1
T00049887,C000067,2024-12-29 02:28:24,2024-12-29 02:29:26,M53840,Hotel 996,SINGAPORE,SGP,4816,0000 - Unknown,1308152001: Prepaid Purchase Transaction(Domestic),53.81,53.81,PURCHASE,1
